Code département,département,numéro de commune,Commune,Inscrits,Votants,Exprimés,Parti communiste,Extrême gauche,Parti socialiste - Divers gauche,Ecolo,Union pour la démocratie française,Rassemblement pour la République,Union pour la démocratie française -Rassemblement pour la République,Divers droite,Extrême droite
,,,,,,,COM,EXG,PS-DVG,ECO,UDF,RPR,UDF-RPR,DVD,EXD
1,Ain,4,Ambérieu-en-Bugey,6093,4457,4290,411,64,1546,0,1198,640,0,0,431
1,Ain,33,Bellegarde-sur-Valserine,5774,4242,4060,429,40,1456,0,1137,533,0,0,465
1,Ain,53,Bourg-en-Bresse,21752,16639,16145,961,235,5905,0,4126,3671,0,0,1247
1,Ain,283,Oyonnax Section 01,10812,7708,7409,713,79,1904,0,2024,1700,0,0,989
2,Aisne,168,Château-Thierry,8859,6360,6136,808,62,1985,0,2835,0,0,0,446
2,Aisne,173,Chauny,8681,6316,5933,1023,111,1888,0,2277,0,0,0,634
2,Aisne,381,Hirson,7599,5579,5184,869,76,1853,0,1977,0,0,0,409
2,Aisne,408,Laon,16383,12371,11869,1095,169,4530,0,5337,0,0,0,738
2,Aisne,691,Saint-Quentin,38010,29948,28605,6058,495,8524,0,10581,0,0,0,2947
2,Aisne,722,Soissons,17067,12648,12218,1064,91,4763,0,5406,0,0,0,894
2,Aisne,738,Tergnier Section fargniers,8715,6712,6296,1213,91,2637,0,1828,0,0,0,527
3,Allier,82,Commentry,6242,4670,4312,1125,57,1641,0,0,0,1323,0,166
3,Allier,95,Cusset,9963,7777,7338,1303,60,2742,0,0,0,2533,0,700
3,Allier,185,Montluçon,32653,25798,24328,7048,237,6736,0,0,0,8814,0,1493
3,Allier,190,Moulins,14651,11238,10754,1455,135,3059,0,0,0,5299,0,806
3,Allier,310,Vichy,20257,15351,14793,1044,77,4463,0,0,0,7539,0,1670
3,Allier,321,Yzeure,9413,7412,7041,1149,103,2568,0,0,0,2852,0,369
4,Alpes-de-Haute-Provence,70,Digne-les-Bains,10249,8069,7718,845,48,2423,0,863,2622,0,138,779
4,Alpes-de-Haute-Provence,112,Manosque,12811,10089,9741,976,45,3029,0,2568,1641,0,185,1297
5,Hautes-Alpes,23,Briançon,6480,4947,4767,336,56,1444,93,1984,0,0,494,360
5,Hautes-Alpes,61,Gap,20481,16397,15872,804,77,5419,312,7582,0,0,571,1107
6,Alpes-Maritimes,4,Antibes,44286,34483,33597,1672,167,7486,798,0,0,15308,0,8166
6,Alpes-Maritimes,12,Beausoleil,9434,7369,7102,1007,34,1593,177,0,0,3028,0,1263
6,Alpes-Maritimes,27,Cagnes-sur-Mer,24500,19472,18873,1219,79,4339,475,0,0,8233,0,4528
6,Alpes-Maritimes,29,Cannes,48974,39951,38896,2150,187,8853,947,0,0,17660,0,9099
6,Alpes-Maritimes,30,Le Cannet,26202,19978,19399,1021,94,4460,473,0,0,8944,0,4407
6,Alpes-Maritimes,69,Grasse,22797,18265,17660,2062,117,3866,564,0,0,7265,0,3786
6,Alpes-Maritimes,79,Mandelieu-la-Napoule,9964,8222,7998,409,37,1657,151,0,0,3947,0,1797
6,Alpes-Maritimes,83,Menton,19890,16098,15342,1131,68,3713,441,0,0,6194,0,3795
6,Alpes-Maritimes,85,Mougins,7280,6116,5920,301,27,1159,151,0,0,2986,0,1296
6,Alpes-Maritimes,88,Nice,232470,176484,171096,14301,609,41211,3652,0,0,75957,0,35366
6,Alpes-Maritimes,104,Roquebrune-Cap-Martin,8634,6700,6450,373,26,1475,177,0,0,3080,0,1319
6,Alpes-Maritimes,123,Saint-Laurent-du-Var,14214,11492,11116,717,45,2782,297,0,0,4622,0,2653
6,Alpes-Maritimes,155,Vallauris,13757,10908,10459,1154,69,2503,255,0,0,4001,0,2477
6,Alpes-Maritimes,157,Vence,9478,7436,7178,437,31,1706,213,0,0,3471,0,1320
7,Ardèche,10,Annonay,12471,9251,8855,924,110,2915,0,1106,3125,0,0,675
7,Ardèche,19,Aubenas,7353,5684,5395,374,35,1716,0,1184,1383,0,0,703
7,Ardèche,102,Guilherand-Granges,6804,5367,5189,281,46,1883,0,678,1786,0,0,515
7,Ardèche,186,Privas,5853,4399,4243,337,29,1411,0,1460,619,0,0,387
7,Ardèche,324,Tournon-sur-Rhône,6157,4703,4480,331,43,1556,0,822,1358,0,0,370
8,Ardennes,105,Charleville-Mézières,31714,23894,22846,3094,678,8131,0,0,0,8861,0,2082
8,Ardennes,363,Revin,5595,4224,4056,759,82,1646,0,0,0,1199,0,370
8,Ardennes,409,Sedan,12442,9134,8818,1022,320,3013,0,0,0,3792,0,671
9,Ariège,122,Foix,6116,5065,4900,455,35,2556,0,0,0,1645,13,196
9,Ariège,225,Pamiers,9293,7693,7414,1284,16,2920,0,0,0,2719,22,453
10,Aube,81,La Chapelle-Saint-Luc,7524,5012,4869,571,45,1861,0,0,0,1800,33,559
10,Aube,323,Romilly-sur-Seine,10854,7727,7371,2328,34,1833,0,0,0,2495,20,661
10,Aube,333,Saint-André-les-Vergers,7408,5453,5232,377,31,1825,0,0,0,2424,44,531
10,Aube,362,Sainte-Savine,7091,5260,5040,459,30,1760,0,0,0,2220,21,550
10,Aube,387,Troyes,35327,24225,23304,2127,177,7115,0,0,0,11271,108,2506
11,Aude,69,Carcassonne,27273,22539,21442,2655,83,7480,480,0,0,8445,0,2299
11,Aude,76,Castelnaudary,7702,6409,6122,373,23,2126,90,0,0,3103,0,407
11,Aude,206,Limoux,6711,5514,5292,744,21,2061,105,0,0,1926,0,435
11,Aude,262,Narbonne,28623,23039,21934,2910,95,7388,513,0,0,7242,0,3786
12,Aveyron,145,Millau,15671,12816,12255,1025,184,4374,0,0,0,5699,138,835
12,Aveyron,176,Onet-le-Château,5391,4586,4368,243,41,1690,0,0,0,1964,158,272
12,Aveyron,202,Rodez,14633,11599,11064,452,71,3801,0,0,0,5734,379,627
12,Aveyron,300,Villefranche-de-Rouergue,8464,6720,6361,213,44,3089,0,0,0,2425,220,370
13,Bouches-du-Rhône,1,Aix-en-Provence,73350,55998,54773,3004,498,15861,933,13588,6372,0,2884,11633
13,Bouches-du-Rhône,2,Allauch,10784,8787,8573,1105,83,2401,173,1918,749,0,231,1913
13,Bouches-du-Rhône,4,Arles,32364,25623,24869,5338,314,6179,366,3176,3866,0,1080,4550
13,Bouches-du-Rhône,5,Aubagne,24963,19481,18940,5021,221,3089,364,3982,1551,0,616,4096
13,Bouches-du-Rhône,14,Berre-l'Etang,6683,5058,4851,1518,63,1099,93,656,402,0,130,890
13,Bouches-du-Rhône,26,Châteauneuf-les-Martigues,7258,5931,5757,717,72,2074,120,881,448,0,212,1233
13,Bouches-du-Rhône,27,Châteaurenard,7689,6075,5835,825,89,1258,120,1432,593,0,251,1267
13,Bouches-du-Rhône,28,La Ciotat,21358,17315,16809,3287,191,3418,431,3556,1645,0,539,3742
13,Bouches-du-Rhône,39,Fos-sur-Mer,6450,5154,4961,950,75,1444,105,813,492,0,204,878
13,Bouches-du-Rhône,41,Gardanne,10879,8285,7991,1854,128,1761,126,1271,835,0,339,1677
13,Bouches-du-Rhône,47,Istres,18514,14968,14512,1522,179,5443,290,2500,1349,0,632,2597
13,Bouches-du-Rhône,54,Marignane,19274,14471,14093,1482,209,3074,252,3181,1159,0,562,4174
13,Bouches-du-Rhône,55,MARSEILLE ArrVill 01,496896,356272,348745,46253,3178,91304,3995,84447,26609,0,7955,85004
13,Bouches-du-Rhône,56,Martigues,25568,20322,19723,4813,314,4807,390,2819,1749,0,905,3926
13,Bouches-du-Rhône,63,Miramas,13104,10283,9952,2246,195,2163,212,1567,960,0,348,2261
13,Bouches-du-Rhône,71,Les Pennes-Mirabeau,12478,9620,9393,1578,81,2696,158,1488,693,0,337,2362
13,Bouches-du-Rhône,77,Port-de-Bouc,10950,8362,8106,3547,159,1400,121,701,536,0,213,1429
13,Bouches-du-Rhône,78,Port-Saint-Louis-du-Rhône,6036,4887,4717,2325,66,537,70,455,333,0,109,822
13,Bouches-du-Rhône,81,Rognac,6229,4969,4817,647,61,1300,181,757,520,0,309,1042
13,Bouches-du-Rhône,97,Saint-Martin-de-Crau,6214,5103,4960,601,79,1737,89,753,670,0,254,777
13,Bouches-du-Rhône,103,Salon-de-Provence,22368,18024,17447,1192,188,4477,361,4053,2164,0,846,4166
13,Bouches-du-Rhône,106,Septèmes-les-Vallons,6606,5341,5193,1507,55,1092,66,660,366,0,135,1312
13,Bouches-du-Rhône,108,Tarascon,7714,6070,5857,651,91,1593,105,1370,499,0,195,1353
13,Bouches-du-Rhône,117,Vitrolles,13978,10706,10454,1303,118,2819,180,1643,1041,0,607,2743
14,Calvados,47,Bayeux,9377,6815,6487,364,67,2121,209,3323,0,0,46,357
14,Calvados,118,Caen,67135,47855,46352,2345,472,18221,1332,20783,0,0,278,2921
14,Calvados,327,Hérouville-Saint-Clair,12440,8672,8330,819,148,4227,288,2287,0,0,46,515
14,Calvados,366,Lisieux,15097,11453,10773,794,139,3520,302,5267,0,0,70,681
14,Calvados,437,Mondeville,6508,4883,4617,547,57,2303,124,1311,0,0,31,244
14,Calvados,762,Vire Section de Vire,9085,6957,6457,317,96,2104,189,3329,0,0,59,363
15,Cantal,14,Aurillac,18959,15781,15223,788,68,6785,0,0,0,7030,0,552
16,Charente,15,Angoulême,28166,21154,20468,1602,321,8420,0,0,0,9010,70,1045
16,Charente,102,Cognac,12966,9453,9157,558,150,2808,0,0,0,5163,35,443
16,Charente,374,Soyaux,6559,4772,4600,510,117,1890,0,0,0,1803,13,267
17,Charente-Maritime,299,Rochefort,16601,11413,10986,913,116,3495,0,1013,4627,0,0,822
17,Charente-Maritime,300,La Rochelle,44208,32551,31386,3708,398,11745,0,4166,8993,0,0,2376
17,Charente-Maritime,306,Royan,13654,10110,9797,605,70,2771,0,1945,3483,0,0,923
17,Charente-Maritime,415,Saintes,17890,13210,12689,1600,127,4963,0,1381,3839,0,0,779
18,Cher,33,Bourges,46753,35497,34323,11284,364,6066,0,13660,0,0,821,2128
18,Cher,197,Saint-Amand-Montrond,8590,6464,6113,840,131,1628,0,3014,0,0,158,342
18,Cher,279,Vierzon,22020,16387,15617,5023,340,3972,0,4384,0,0,817,1081
19,Corrèze,31,Brive-la-Gaillarde,32661,27403,26406,3175,306,8196,0,0,0,13307,0,1422
19,Corrèze,272,Tulle,12473,10217,9875,2840,108,2157,0,0,0,4506,0,264
19,Corrèze,275,Ussel Section 01,7242,5981,5732,681,83,1416,0,0,0,3320,0,232
2A,Corse-du-Sud,4,Ajaccio,26675,20740,19731,1849,0,4815,1836,0,0,10535,0,696
2B,Haute-Corse,33,Bastia,20893,15296,14644,2115,0,5360,979,2663,2571,0,0,956
21,Côte-d'Or,54,Beaune,11956,8875,8542,300,220,2652,0,0,0,4315,0,1055
21,Côte-d'Or,166,Chenôve,10208,6976,6749,471,176,3251,0,0,0,2173,0,678
21,Côte-d'Or,231,Dijon,76898,57416,55901,2418,766,18888,0,0,0,28694,0,5135
21,Côte-d'Or,617,Talant,6911,5563,5346,212,93,2027,0,0,0,2517,0,497
22,Côtes-d'Armor,50,Dinan,7873,6157,5884,253,92,2140,0,2052,1021,0,23,303
22,Côtes-d'Armor,93,Lamballe Section 01 Lamballe,6993,5916,5637,260,98,2099,0,1719,1272,0,17,172
22,Côtes-d'Armor,113,Lannion,11417,9102,8729,795,230,3487,0,2713,1164,0,13,327
22,Côtes-d'Armor,136,Loudéac,6638,5541,5293,230,87,2582,0,1111,1136,0,12,135
22,Côtes-d'Armor,187,Plérin,8554,6881,6567,863,178,2457,0,1206,1484,0,32,347
22,Côtes-d'Armor,215,Ploufragan,6842,5774,5509,999,168,2027,0,1025,1031,0,38,221
22,Côtes-d'Armor,278,Saint-Brieuc,32875,25901,24858,2715,555,9873,0,4998,5360,0,119,1238
23,Creuse,96,Guéret,9646,7684,7384,688,81,3104,0,0,0,3188,0,323
24,Dordogne,37,Bergerac,19351,15716,14796,1256,121,5311,0,0,0,6302,206,1600
24,Dordogne,322,Périgueux,21914,17201,16441,2038,81,4697,0,0,0,8670,78,877
24,Dordogne,520,Sarlat-la-Canéda,7060,5771,5524,1375,26,1474,0,0,0,2345,30,274
25,Doubs,31,Audincourt,8917,6396,6038,1181,165,1931,0,0,0,1861,140,760
25,Doubs,56,Besançon,61473,45927,44219,2223,853,16752,0,0,0,16608,2330,5453
25,Doubs,57,Bethoncourt,3502,2407,2370,390,92,861,0,0,0,677,47,303
25,Doubs,388,Montbéliard,15342,12297,11797,756,306,4402,0,0,0,4832,304,1197
25,Doubs,462,Pontarlier,11159,8530,8090,485,208,2939,0,0,0,3057,424,977
25,Doubs,580,Valentigney,7593,5672,5362,542,126,2100,0,0,0,1848,177,569
26,Drôme,58,Bourg-lès-Valence,10893,8560,8266,636,77,3297,0,0,0,3205,0,1051
26,Drôme,198,Montélimar,23345,19280,18550,1363,155,7066,0,0,0,7468,0,2498
26,Drôme,235,Pierrelatte,7205,5698,5537,293,36,1657,0,0,0,2762,0,789
26,Drôme,281,Romans-sur-Isère,19709,14152,13578,1171,158,4813,0,0,0,5612,0,1824
26,Drôme,362,Valence,37703,28829,27827,1619,237,10727,0,0,0,11771,0,3473
27,Eure,56,Bernay,6963,5254,5035,272,39,1798,147,1566,708,0,178,327
27,Eure,229,Evreux,27743,18906,18236,2360,173,5710,471,3739,3619,0,739,1425
27,Eure,375,Louviers,11020,7986,7586,471,61,3205,136,1500,1455,0,165,593
27,Eure,467,Pont-Audemer,5685,4272,4049,356,32,1555,72,1408,335,0,59,232
27,Eure,681,Vernon,13491,10303,9839,662,61,3342,196,1446,2918,0,135,1079
28,Eure-et-Loir,85,Chartres,21529,16858,16282,761,163,6918,0,0,1724,0,5286,1430
28,Eure-et-Loir,88,Châteaudun,9238,7210,6882,809,68,1894,0,0,342,0,3256,513
28,Eure-et-Loir,134,Dreux,15557,11012,10581,708,201,3874,0,0,875,0,3215,1708
28,Eure-et-Loir,218,Lucé,11416,8115,7682,463,172,3412,0,0,756,0,1914,965
28,Eure-et-Loir,229,Mainvilliers,5984,4386,4216,281,55,1985,0,0,367,0,1147,381
28,Eure-et-Loir,280,Nogent-le-Rotrou,8406,6864,6483,258,43,2446,0,0,287,0,3081,368
28,Eure-et-Loir,404,Vernouillet,5746,4265,4046,192,66,1631,0,0,301,0,1151,705
29,Finistère,19,Brest,97280,71374,69558,5012,700,28623,0,0,0,24524,5162,5537
29,Finistère,39,Concarneau,14367,10515,10194,1131,88,4362,0,0,0,3023,931,659
29,Finistère,46,Douarnenez,13565,10232,9954,1157,89,3781,0,0,0,3325,879,723
29,Finistère,75,Guipavas,7827,6309,6136,297,56,2165,0,0,0,2571,678,369
29,Finistère,103,Landerneau,9545,7680,7441,360,89,2991,0,0,0,2877,756,368
29,Finistère,151,Morlaix,11555,8745,8525,781,97,3658,0,0,0,3045,531,413
29,Finistère,189,Plougastel-Daoulas,7547,5750,5598,207,62,1887,0,0,0,2433,638,371
29,Finistère,232,Quimper,37200,29730,28934,1946,355,12084,0,0,0,7254,5634,1661
29,Finistère,233,Quimperlé,7806,6016,5827,405,40,2944,0,0,0,1732,460,246
29,Finistère,235,Le Relecq-Kerhuon,7471,5757,5593,614,52,2290,0,0,0,1845,396,396
30,Gard,7,Alès,28555,22547,21220,5496,107,4775,185,4024,3579,0,0,3054
30,Gard,28,Bagnols-sur-Cèze,11783,8931,8545,923,55,2881,84,1733,1432,0,0,1437
30,Gard,32,Beaucaire,8339,6659,6412,1608,31,1156,52,1279,530,0,0,1756
30,Gard,189,Nîmes,78126,59647,57588,8989,234,15850,358,18041,5434,0,0,8682
30,Gard,258,Saint-Gilles,6720,5310,5075,754,17,1157,38,1296,408,0,0,1405
30,Gard,341,Vauvert,5881,4714,4474,708,16,1373,29,1040,377,0,0,931
30,Gard,351,Villeneuve-lès-Avignon,6666,5512,5319,320,21,1648,44,1393,971,0,0,922
31,Haute-Garonne,69,Blagnac,10215,8438,8189,745,102,3279,157,0,753,0,2481,672
31,Haute-Garonne,149,Colomiers,14922,12054,11660,828,161,5764,194,0,926,0,2978,809
31,Haute-Garonne,157,Cugnaux,6185,5117,4946,359,73,1968,71,0,543,0,1514,418
31,Haute-Garonne,395,Muret,9958,7951,7670,406,115,2567,119,0,641,0,3045,777
31,Haute-Garonne,446,Ramonville-Saint-Agne,7113,5762,5629,317,58,2305,102,0,655,0,1773,419
31,Haute-Garonne,483,Saint-Gaudens,8885,6419,6128,254,83,2124,85,0,854,0,2362,366
31,Haute-Garonne,555,Toulouse,202651,148530,143392,10934,1728,50343,1892,0,12397,0,52436,13662
31,Haute-Garonne,561,L'Union,7987,6610,6411,412,56,2416,91,0,665,0,2184,587
32,Gers,13,Auch,14696,11626,11191,699,39,5023,0,2835,0,0,1878,717
33,Gironde,9,Arcachon,10612,8298,8087,228,101,2139,0,0,0,4513,0,1106
33,Gironde,39,Bègles,16177,11326,10971,2996,229,3864,0,0,0,3153,0,729
33,Gironde,56,Blanquefort,6504,5085,4932,344,90,2054,0,0,0,1984,0,460
33,Gironde,63,Bordeaux,121840,87979,85814,5077,1181,27826,0,0,0,42698,0,9032
33,Gironde,69,Le Bouscat,14077,11422,11137,744,106,3846,0,0,0,5444,0,997
33,Gironde,119,Cenon,12511,9218,8948,1347,253,4123,0,0,0,2386,0,839
33,Gironde,122,Cestas,9017,7709,7482,587,105,3397,0,0,0,2769,0,624
33,Gironde,162,Eysines,9199,7217,6987,420,102,2867,0,0,0,3035,0,563
33,Gironde,167,Floirac,8767,6165,5983,981,200,2659,0,0,0,1539,0,604
33,Gironde,192,Gradignan,12840,9755,9476,558,135,3810,0,0,0,4220,0,753
33,Gironde,243,Libourne,14427,11427,10910,441,188,4228,0,0,0,5108,0,945
33,Gironde,249,Lormont,9690,7319,7089,888,219,3210,0,0,0,1931,0,841
33,Gironde,281,Mérignac,34571,26215,25548,1615,435,11357,0,0,0,9805,0,2336
33,Gironde,318,Pessac,31115,22946,22320,1565,434,8781,0,0,0,9525,0,2015
33,Gironde,449,Saint-Médard-en-Jalles,13303,11004,10701,623,206,4307,0,0,0,4648,0,917
33,Gironde,522,Talence,20592,15577,15173,802,212,6173,0,0,0,6727,0,1259
33,Gironde,529,La-Teste-de-Buch Bourg,13030,10304,9936,467,162,3473,0,0,0,4781,0,1053
33,Gironde,550,Villenave-d'Ornon,14688,11773,11414,1193,229,5084,0,0,0,4014,0,894
34,Hérault,3,Agde,11860,9432,9121,1087,46,2281,0,1219,2556,0,173,1759
34,Hérault,32,Béziers,51363,37640,35989,5339,246,9627,0,3114,11121,0,785,5757
34,Hérault,57,Castelnau-le-Lez,7759,6258,6078,338,27,1908,0,847,1656,0,168,1134
34,Hérault,108,Frontignan,10573,8297,7825,1506,66,2554,0,914,1143,0,209,1433
34,Hérault,145,Lunel,10072,7986,7592,1008,53,2214,0,944,3189,0,184,0
34,Hérault,154,Mauguio,7619,6326,6106,573,43,2069,0,810,1262,0,174,1175
34,Hérault,172,Montpellier,109451,81300,79216,4677,494,30255,0,11594,15096,0,2692,14408
34,Hérault,301,Sète,28928,22153,21039,4350,117,5305,0,2541,4724,0,290,3712
35,Ille-et-Vilaine,51,Cesson-Sévigné,7577,6216,5984,160,68,2489,0,2076,910,0,14,267
35,Ille-et-Vilaine,93,Dinard,7386,5759,5496,190,84,1761,0,1329,1634,0,21,477
35,Ille-et-Vilaine,115,Fougères,17078,13248,12534,479,209,4306,0,3577,3488,0,41,434
35,Ille-et-Vilaine,236,Redon,6130,4832,4558,298,60,1955,0,1622,387,0,17,219
35,Ille-et-Vilaine,238,Rennes,111548,80001,78062,3535,1154,36024,0,20787,12310,0,266,3986
35,Ille-et-Vilaine,288,Saint-Malo,34130,25720,24486,876,357,9353,0,8036,4238,0,87,1539
35,Ille-et-Vilaine,360,Vitré,9143,7360,6983,96,108,1709,0,4391,449,0,20,210
36,Indre,44,Châteauroux,33207,26242,24829,2479,271,8000,0,1628,10504,0,0,1947
36,Indre,88,Issoudun,10222,8569,8120,687,65,3706,0,779,2359,0,0,524
37,Indre-et-Loire,3,Amboise,7083,5602,5348,262,117,1892,0,0,0,1777,936,364
37,Indre-et-Loire,122,Joué-lès-Tours,20264,15139,14277,656,239,5268,0,0,0,1650,5372,1092
37,Indre-et-Loire,208,Saint-Avertin,7271,5925,5743,290,77,1862,0,0,0,947,2159,408
37,Indre-et-Loire,214,Saint-Cyr-sur-Loire,10183,7981,7698,249,87,2714,0,0,0,1765,2294,589
37,Indre-et-Loire,233,Saint-Pierre-des-Corps,11242,8167,7793,2459,162,2556,0,0,0,571,1493,552
37,Indre-et-Loire,261,Tours,77658,55947,54190,2659,921,17527,0,0,0,7542,21310,4231
38,Isère,53,Bourgoin-Jallieu,13075,9484,9151,791,119,3210,181,0,0,3593,149,1108
38,Isère,151,Echirolles,18624,14244,13798,2945,185,4918,315,0,0,3368,187,1880
38,Isère,169,Fontaine,12849,9207,8874,2472,178,3001,219,0,0,1949,134,921
38,Isère,185,Grenoble,83565,62030,60209,4054,693,23321,1223,0,0,24061,762,6095
38,Isère,229,Meylan,9973,8121,7951,293,36,2919,177,0,0,3735,137,654
38,Isère,317,Le Pont-de-Claix,5694,4019,3919,533,61,1387,77,0,0,1191,76,594
38,Isère,382,Saint-Egrève,9088,7302,7133,476,72,2893,224,0,0,2607,140,721
38,Isère,421,Saint-Martin-d'Hères,15655,11368,11066,2206,211,4272,221,0,0,2888,110,1158
38,Isère,485,Seyssinet-Pariset,7068,5369,5242,438,71,2148,158,0,0,1738,93,596
38,Isère,544,Vienne,17087,13407,13006,677,149,5025,306,0,0,5015,178,1656
38,Isère,553,Villefontaine,4945,3798,3710,272,67,1753,91,0,0,1019,74,434
38,Isère,563,Voiron,10795,8764,8436,590,114,3004,215,0,0,3441,157,915
39,Jura,97,Champagnole,5744,4767,4548,301,29,1607,210,2010,0,0,113,278
39,Jura,198,Dole,15583,11865,11522,1171,88,4190,389,4374,0,0,217,1093
39,Jura,300,Lons-le-Saunier,12327,9513,9080,776,52,3081,263,3799,0,0,314,795
39,Jura,478,Saint-Claude,6771,5098,4870,307,34,1883,124,1729,0,0,166,627
40,Landes,88,Dax,13239,9992,9434,382,75,3736,0,0,0,4608,0,633
40,Landes,192,Mont-de-Marsan,18476,14467,13815,541,70,6128,0,0,0,6176,0,900
40,Landes,279,Saint-Paul-lès-Dax,6947,5714,5379,308,20,2992,0,0,0,1797,0,262
41,Loir-et-Cher,18,Blois,26646,20460,19664,1257,242,8141,0,0,0,8376,0,1648
41,Loir-et-Cher,194,Romorantin-Lanthenay,11061,9130,8762,400,59,3937,0,0,0,3840,0,526
41,Loir-et-Cher,269,Vendôme,11186,8715,8248,687,86,3210,0,0,0,3680,0,585
42,Loire,44,Le Chambon-Feugerolles,9773,7021,6746,1177,167,1793,145,0,0,1910,0,1554
42,Loire,95,Firminy,14799,10596,10166,2363,201,2743,219,0,0,3049,0,1591
42,Loire,147,Montbrison,8654,6704,6278,301,153,1864,180,0,0,3096,0,684
42,Loire,183,La Ricamarie,6368,4411,4249,1395,71,822,88,0,0,1009,0,864
42,Loire,186,Rive-de-Gier,8167,6328,6088,1506,100,1787,139,0,0,1833,0,723
42,Loire,187,Roanne,28869,20314,19431,2416,337,6558,496,0,0,7863,0,1761
42,Loire,189,Roche-la-Molière,5863,4368,4220,434,73,1348,95,0,0,1617,0,653
42,Loire,207,Saint-Chamond,23635,18196,17572,1180,254,6334,535,0,0,6534,0,2735
42,Loire,218,Saint-Etienne,122706,85668,83697,10705,1050,24631,1995,0,0,32217,0,13099
42,Loire,279,Saint-Just-sur-Loire,7073,5366,5123,434,81,1387,152,0,0,2197,0,872
43,Haute-Loire,157,Le Puy-en-Velay,12178,9684,9366,416,67,2617,0,4767,0,0,572,927
44,Loire-Atlantique,20,Bouguenais,9024,6944,6650,492,286,3425,0,0,0,2028,44,375
44,Loire-Atlantique,26,Carquefou,6812,5411,5170,164,92,1817,0,0,0,2727,42,328
44,Loire-Atlantique,35,La Chapelle-sur-Erdre,8427,6732,6470,189,135,2972,0,0,0,2593,46,535
44,Loire-Atlantique,36,Châteaubriant,9281,7474,7033,378,212,2577,0,0,0,3363,53,450
44,Loire-Atlantique,47,Couëron,10283,7841,7493,951,200,3680,0,0,0,2191,48,423
44,Loire-Atlantique,55,La Baule-Escoublac,11785,9130,8832,368,146,2557,0,0,0,4822,46,893
44,Loire-Atlantique,69,Guérande,6791,5356,5078,152,167,1601,0,0,0,2741,47,370
44,Loire-Atlantique,109,Nantes,156039,111519,108169,5814,1783,43274,0,0,0,48273,577,8448
44,Loire-Atlantique,114,Orvault,15477,11934,11554,449,199,4943,0,0,0,5085,82,796
44,Loire-Atlantique,143,Rezé,23942,17408,16668,1139,454,8220,0,0,0,5753,105,997
44,Loire-Atlantique,162,Saint-Herblain,26840,19940,19381,1010,296,10057,0,0,0,6624,97,1297
44,Loire-Atlantique,184,Saint-Nazaire,44741,32208,31098,2932,1067,14093,0,0,0,11096,166,1744
44,Loire-Atlantique,190,Saint-Sébastien-sur-Loire,13376,10826,10380,583,231,4779,0,0,0,4089,62,636
44,Loire-Atlantique,215,Vertou,11059,8890,8456,427,213,3230,0,0,0,3981,67,538
45,Loiret,4,Amilly,7040,5648,5361,551,99,1797,0,0,0,2280,75,559
45,Loiret,68,Châlette-sur-Loing,7432,5644,5376,1617,163,1289,0,0,0,1747,70,490
45,Loiret,147,Fleury-les-Aubrais,12047,9285,8875,2696,149,2659,0,0,0,2639,119,613
45,Loiret,155,Gien,8876,6783,6411,580,152,1918,0,0,0,2999,106,656
45,Loiret,208,Montargis,9601,7219,6832,1076,138,1676,0,0,0,3164,80,698
45,Loiret,232,Olivet,10092,8286,7990,345,130,2710,0,0,0,4034,132,639
45,Loiret,234,Orléans,55359,42674,41059,2880,818,14699,0,0,0,18256,633,3773
45,Loiret,252,Pithiviers,5266,3978,3754,266,98,1126,0,0,0,1792,66,406
45,Loiret,284,Saint-Jean-de-Braye,9347,7123,6842,523,178,2678,0,0,0,2781,138,544
45,Loiret,285,Saint-Jean-de-la-Ruelle,8997,7220,6854,695,170,2656,0,0,0,2577,98,658
45,Loiret,302,Saran,7126,5967,5659,1015,141,1896,0,0,0,1979,112,516
46,Lot,42,Cahors,11989,10041,9663,545,61,5337,0,0,0,3348,0,372
46,Lot,102,Figeac,6772,5612,5373,239,24,3202,0,0,0,1734,0,174
47,Lot-et-Garonne,1,Agen,21576,15896,15092,1228,143,5325,0,6185,0,0,704,1507
47,Lot-et-Garonne,157,Marmande,13086,10467,9886,996,45,3813,0,3412,0,0,980,640
47,Lot-et-Garonne,310,Tonneins,7150,6119,5636,816,45,2104,0,1902,0,0,343,426
47,Lot-et-Garonne,323,Villeneuve-sur-Lot,16982,13205,12233,779,105,4187,0,4035,0,0,1511,1616
48,Lozère,95,Mende,6329,5236,5058,125,37,1765,0,2752,0,0,0,379
49,Maine-et-Loire,7,Angers,79819,58842,56206,3141,867,20813,0,0,0,27142,477,3766
49,Maine-et-Loire,15,Avrillé,7794,6281,5998,244,100,2202,0,0,0,3001,71,380
49,Maine-et-Loire,99,Cholet,33356,25147,24020,1134,369,8480,0,0,0,12370,152,1515
49,Maine-et-Loire,246,Les Ponts-de-Cé,7057,5548,5206,403,101,1867,0,0,0,2398,67,370
49,Maine-et-Loire,267,Saint-Barthélemy-d'Anjou,6013,4599,4332,359,85,1872,0,0,0,1761,41,214
49,Maine-et-Loire,328,Bagneux-Section 02,19157,14053,13278,434,208,4533,0,0,0,7027,101,975
49,Maine-et-Loire,353,Trélazé,6754,5082,4808,1692,100,1654,0,0,0,1145,18,199
50,Manche,25,Avranches,6263,4704,4375,124,45,1274,124,0,0,2084,466,258
50,Manche,129,Cherbourg-Octeville,17097,12091,11703,703,68,3918,428,0,0,5071,566,949
50,Manche,147,Coutances,6205,4818,4502,136,47,1431,201,0,0,1882,473,332
50,Manche,173,Equeurdreville-Hainneville,10746,8029,7780,570,55,3361,497,0,0,2691,180,426
50,Manche,218,Granville,9144,6779,6355,271,54,2122,291,0,0,2423,611,583
50,Manche,383,Octeville,9772,6797,6580,503,75,2627,330,0,0,2247,275,523
50,Manche,502,Saint-Lô,13996,10607,10124,347,87,3785,444,0,0,3901,866,694
50,Manche,602,Tourlaville,10003,7456,7167,494,67,2905,384,0,0,2437,392,488
51,Marne,108,Châlons-en-Champagne,28017,20352,19529,4198,105,4404,0,2383,5385,0,1080,1974
51,Marne,230,Epernay,17293,12422,11843,2073,96,3350,0,3241,1611,0,408,1064
51,Marne,454,Reims,96059,68193,66282,6957,491,21348,0,7011,18779,0,5609,6087
51,Marne,649,Vitry-le-François,9685,6871,6577,612,62,1978,0,616,2153,0,253,903
52,Haute-Marne,121,Chaumont,17726,12769,12046,818,113,4335,0,5588,0,0,19,1173
52,Haute-Marne,269,Langres,5946,4488,4286,169,22,1573,0,2090,0,0,9,423
52,Haute-Marne,448,Saint-Dizier,20339,13863,13241,2004,81,4134,0,5076,0,0,54,1892
53,Haute-Marne,130,Laval,30651,25841,24518,811,306,11162,0,0,0,11147,165,927
53,Mayenne,147,Mayenne,8633,7049,6684,152,57,3365,0,0,0,2901,14,195
54,Meurthe-et-Moselle,159,Dombasle-sur-Meurthe,6907,4937,4686,486,151,1837,0,1072,683,0,0,457
54,Meurthe-et-Moselle,274,Jarville-la-Malgrange,6383,4293,4127,174,89,1592,0,1193,620,0,0,459
54,Meurthe-et-Moselle,280,Joeuf,5640,4408,4224,1411,145,1044,0,787,482,0,0,355
54,Meurthe-et-Moselle,304,Laxou,9515,6421,6250,237,115,2219,0,1916,1063,0,0,700
54,Meurthe-et-Moselle,323,Longwy,10267,7445,7172,1561,156,2085,0,1198,1399,0,0,773
54,Meurthe-et-Moselle,329,Lunéville,14346,10058,9630,680,304,3225,0,2760,1626,0,0,1035
54,Meurthe-et-Moselle,382,Mont-Saint-Martin,4252,3019,2907,632,65,908,0,416,457,0,0,429
54,Meurthe-et-Moselle,395,Nancy,57081,38743,37653,1159,648,11532,0,14095,6516,0,0,3703
54,Meurthe-et-Moselle,431,Pont-à-Mousson,8953,6340,6097,495,136,2012,0,1474,1212,0,0,768
54,Meurthe-et-Moselle,482,Saint-Max,7234,5433,5273,177,66,1758,0,981,1849,0,0,442
54,Meurthe-et-Moselle,528,Toul,9459,6982,6671,241,185,2027,0,2531,856,0,0,831
54,Meurthe-et-Moselle,547,Vandoeuvre-lès-Nancy,18728,12290,11902,465,252,4741,0,3563,1554,0,0,1327
54,Meurthe-et-Moselle,578,Villers-lès-Nancy,10534,8363,8102,206,105,3022,0,2759,1315,0,0,695
54,Meurthe-et-Moselle,580,Villerupt,6973,5272,5092,1871,178,1649,0,492,624,0,0,278
55,Meuse,29,Bar-le-Duc,11311,8780,8339,503,75,3678,0,3422,0,0,47,614
55,Meuse,545,Verdun,12420,9394,8942,389,59,3369,0,4159,0,0,31,935
56,Morbihan,7,Auray,6387,5124,4865,285,25,1642,66,2342,0,0,29,476
56,Morbihan,83,Hennebont,9927,7843,7523,1467,66,2816,78,2719,0,0,50,327
56,Morbihan,98,Lanester,14784,11482,11128,3545,68,3479,133,3152,0,0,55,696
56,Morbihan,121,Lorient,42324,31205,30154,3145,280,11810,451,11696,0,0,192,2580
56,Morbihan,162,Ploemeur,9781,7855,7517,547,58,2795,126,3240,0,0,53,698
56,Morbihan,178,Pontivy,8729,7258,6933,573,67,2539,76,3333,0,0,30,315
56,Morbihan,260,Vannes,26674,20071,19391,541,185,6703,186,9844,0,0,151,1781
57,Moselle,58,Behren-lès-Forbach,4658,3094,2871,230,320,675,111,405,476,0,89,565
57,Moselle,160,Creutzwald,8683,6326,6003,320,59,2037,197,842,1285,0,392,871
57,Moselle,206,Fameck,7786,5663,5387,523,63,1752,169,334,1133,0,461,952
57,Moselle,221,Florange,6990,5506,5098,469,67,1495,169,486,1069,0,441,902
57,Moselle,227,Forbach,13307,9310,8835,338,98,2351,242,1643,2343,0,312,1508
57,Moselle,240,Freyming-Merlebach,10686,8069,7668,560,67,2992,265,745,1744,0,225,1070
57,Moselle,283,Hagondange,5382,4394,4191,1478,24,741,85,226,463,0,707,467
57,Moselle,306,Hayange,11012,8551,8073,1346,91,2436,248,618,1504,0,537,1293
57,Moselle,332,Hombourg-Haut,6304,4520,4291,188,45,1488,157,441,1107,0,159,706
57,Moselle,433,Maizières-lès-Metz,5745,4758,4541,516,56,1384,155,317,871,0,591,651
57,Moselle,447,Marly,6587,5464,5261,89,28,1599,173,850,1584,0,167,771
57,Moselle,463,Metz,67371,49681,47604,1395,342,14707,1518,10175,10410,0,2075,6982
57,Moselle,480,Montigny-lès-Metz,15703,11895,11331,346,74,3568,337,1778,3210,0,459,1559
57,Moselle,491,Moyeuvre-Grande,6022,4672,4357,1145,44,1628,119,210,366,0,357,488
57,Moselle,591,Rombas,6229,4829,4589,451,54,1379,97,229,416,0,1311,652
57,Moselle,606,Saint-Avold,11204,8291,7976,300,78,2381,291,1004,2682,0,224,1016
57,Moselle,630,Sarrebourg,8938,6459,6162,70,24,1288,266,393,3211,0,80,830
57,Moselle,631,Sarreguemines,16052,12180,11418,305,108,2428,412,1954,3053,0,1370,1788
57,Moselle,660,Stiring-Wendel,8484,5978,5676,319,87,1631,173,1128,1089,0,212,1037
57,Moselle,672,Thionville,25563,20158,19223,1828,127,5549,519,1824,5687,0,1370,2319
57,Moselle,683,Uckange,4462,3500,3355,335,38,1170,99,224,604,0,246,639
57,Moselle,751,Woippy,6521,5103,4839,296,77,1513,188,541,762,0,378,1084
57,Moselle,757,Yutz,10475,7981,7481,599,46,2257,239,1180,1510,0,627,1023
58,Nièvre,86,Cosne-Cours-sur-Loire Section 01,8890,6951,6615,634,55,2673,125,2466,0,0,0,662
58,Nièvre,194,Nevers,27999,20972,20146,2210,107,8531,343,7716,0,0,0,1239
58,Nièvre,303,Varennes-Vauzelles,6985,5690,5460,1431,49,2021,117,1579,0,0,0,263
59,Nord,8,Aniche,6542,5123,4880,1291,248,1410,157,388,1023,0,71,292
59,Nord,9,Villeneuve-d'Ascq,35245,26887,26014,1748,885,10199,1035,3605,5346,0,428,2768
59,Nord,14,Anzin,8960,6933,6677,1750,286,2147,193,583,987,0,89,642
59,Nord,17,Armentières,16507,13611,12939,1042,560,5470,366,1623,2539,0,166,1173
59,Nord,33,Aulnoye-Aymeries,7176,5974,5712,1983,228,1402,163,481,873,0,88,494
59,Nord,43,Bailleul,8575,7389,7039,333,304,2427,218,1319,1778,0,126,534
59,Nord,112,Bruay-sur-l'Escaut,7927,6287,6066,1788,342,1485,219,520,956,0,77,679
59,Nord,122,Cambrai,23650,18790,17933,1246,661,5466,481,1574,6050,0,298,2157
59,Nord,131,Cappelle-la-Grande,6034,4857,4596,702,290,1737,181,388,719,0,93,486
59,Nord,139,Caudry,9581,7951,7480,1093,302,2697,193,596,1404,0,113,1082
59,Nord,152,Comines,7279,5704,5444,1016,211,1362,117,662,1341,0,80,655
59,Nord,153,Condé-sur-l'Escaut,7323,5586,5311,891,295,1657,201,373,1165,0,78,651
59,Nord,155,Coudekerque-Branche,16254,12888,12369,1324,517,5007,443,1360,2478,0,152,1088
59,Nord,163,Croix,13474,10661,10287,622,376,2982,289,1796,2564,0,171,1487
59,Nord,172,Denain,12772,9382,9015,3000,479,2113,201,652,1561,0,89,920
59,Nord,178,Douai,26767,19234,18603,2553,687,4492,470,1727,6322,0,220,2132
59,Nord,179,Douchy-les-Mines,6614,5505,4867,1546,234,1291,158,326,718,0,39,555
59,Nord,183,Dunkerque,48264,36503,35201,2407,1556,10215,1428,3880,11325,0,655,3735
59,Nord,205,Escaudain,6090,4708,4517,1750,302,1075,119,284,551,0,43,393
59,Nord,220,Faches-Thumesnil,12570,9703,9380,699,279,3429,321,1291,2076,0,183,1102
59,Nord,249,Fourmies,9882,7957,7491,1282,440,2410,175,428,2202,0,96,458
59,Nord,271,Grande-Synthe,12660,9630,9249,1103,493,3734,346,758,1375,0,178,1262
59,Nord,273,Gravelines,7862,6331,6021,389,315,2809,193,581,1138,0,76,520
59,Nord,279,Halluin,10772,8905,8421,998,286,2568,262,1336,1610,0,154,1207
59,Nord,286,Haubourdin,9066,6888,6553,850,388,2174,225,1030,1098,0,130,658
59,Nord,291,Hautmont,10301,7926,7569,1818,365,1524,217,804,1330,0,123,1388
59,Nord,295,Hazebrouck,13810,11426,10792,787,529,3667,297,1692,2718,0,186,916
59,Nord,299,Hem,11663,9425,9035,474,306,2921,231,1583,1797,0,149,1574
59,Nord,324,Jeumont,6352,4666,4502,491,203,1373,129,570,1065,0,91,580
59,Nord,328,Lambersart,21193,15616,15259,690,388,3980,454,5767,2371,0,240,1369
59,Nord,350,Lille,96860,65744,63865,4606,1898,23126,1896,8578,14569,0,1286,7906
59,Nord,355,Lomme,18594,14436,13814,1364,691,6082,421,1617,2005,0,268,1366
59,Nord,360,Loos,12041,9407,8990,1003,404,3530,295,1072,1553,0,177,956
59,Nord,367,Lys-lez-Lannoy,8124,6483,6145,356,230,2108,203,989,1190,0,61,1008
59,Nord,368,La Madeleine,13767,10140,9818,643,353,2737,242,1103,3590,0,198,952
59,Nord,378,Marcq-en-Baroeul,26034,19662,19210,890,454,4514,480,2505,8134,0,385,1848
59,Nord,383,Marly,8153,6437,6167,1699,258,1543,192,455,1312,0,82,626
59,Nord,392,Maubeuge,20566,15132,14542,2116,548,4058,377,2851,2311,0,148,2133
59,Nord,400,Merville,6111,5129,4784,430,343,1602,147,882,970,0,86,324
59,Nord,410,Mons-en-Baroeul,14809,10673,10297,838,403,3392,357,1456,2277,0,192,1382
59,Nord,421,Mouvaux,9165,7423,7232,245,182,1573,171,1497,2352,0,136,1076
59,Nord,426,Neuville-en-Ferrain,6872,5661,5466,259,132,1542,174,920,1409,0,128,902
59,Nord,447,Onnaing,6183,4848,4656,1460,252,1035,153,351,922,0,45,438
59,Nord,491,Raismes,9672,7941,7607,3036,428,1461,259,668,1032,0,45,678
59,Nord,507,Ronchin,12060,9013,8735,689,273,3441,309,1220,1653,0,140,1010
59,Nord,508,Roncq,7743,6542,6250,973,166,1535,201,1129,1342,0,88,816
59,Nord,512,Roubaix,46849,34689,33333,2272,1470,9881,772,5321,6128,0,427,7062
59,Nord,526,Saint-Amand-les-Eaux,11617,9015,8496,1653,277,2124,262,1840,1421,0,106,813
59,Nord,527,Saint-André-lez-Lille,7085,5714,5539,363,193,1662,162,1654,905,0,111,489
59,Nord,540,Saint-Pol-sur-Mer,15298,11470,10993,1595,622,4151,465,992,1581,0,231,1356
59,Nord,544,Saint-Saulve,6938,5421,5234,707,149,1481,162,641,1503,0,102,489
59,Nord,560,Seclin,8178,6309,6029,1284,346,1500,192,750,1272,0,140,545
59,Nord,569,Sin-le-Noble,11613,8589,8205,2133,456,2082,240,575,1827,0,113,779
59,Nord,574,Somain,8719,6782,6488,2317,350,1553,173,554,1054,0,87,400
59,Nord,599,Tourcoing,53112,41653,40339,2350,1433,11215,1129,6975,7642,0,649,8946
59,Nord,606,Valenciennes,25908,19476,18834,2819,602,4246,559,2020,6269,0,279,2040
59,Nord,616,Vieux-Condé,7799,5776,5500,1763,310,995,202,418,1258,0,78,476
59,Nord,646,Wasquehal,12388,9764,9356,656,348,2987,285,1430,2269,0,140,1241
59,Nord,648,Wattignies,8798,6538,6298,400,209,2209,239,986,1403,0,102,750
59,Nord,650,Wattrelos,28845,21895,20921,1530,1034,8121,630,2248,2906,0,242,4210
59,Nord,654,Waziers,5369,4183,3984,1512,218,843,91,186,606,0,48,480
60,Oise,57,Beauvais,29741,24124,22982,1708,837,7983,0,0,0,10074,0,2380
60,Oise,141,Chantilly,7034,5252,5072,228,132,1607,0,0,0,2419,0,686
60,Oise,159,Compiègne,22196,16704,16031,824,493,5461,0,0,0,7326,0,1927
60,Oise,175,Creil,15875,11090,10598,942,357,5121,0,0,0,2637,0,1541
60,Oise,176,Crépy-en-Valois,7959,6189,5904,1515,227,1602,0,0,0,2002,0,558
60,Oise,282,Gouvieux,5872,4635,4462,214,103,1345,0,0,0,2287,0,513
60,Oise,395,Méru,6071,4601,4362,444,213,1533,0,0,0,1604,0,568
60,Oise,414,Montataire,6730,5169,4909,1506,278,1480,0,0,0,1056,0,589
60,Oise,463,Nogent-sur-Oise,9643,7424,7116,698,287,2752,0,0,0,2390,0,989
60,Oise,471,Noyon,7560,5800,5554,498,225,1635,0,0,0,2406,0,790
60,Oise,509,Pont-Sainte-Maxence,5462,4192,3961,428,202,1556,0,0,0,1370,0,405
60,Oise,612,Senlis,8612,6370,6126,214,118,1741,0,0,0,3475,0,578
61,Orne,1,Alençon,18851,13672,13088,569,161,4832,294,0,0,5972,368,892
61,Orne,6,Argentan,10787,8475,8005,686,73,3091,67,0,0,2042,1442,604
61,Orne,169,Flers,10921,8552,8146,210,61,3634,215,0,0,3076,290,660
61,Orne,214,L'Aigle,5602,4317,4095,130,33,1523,91,0,0,1743,174,401
62,Pas-de-Calais,14,Aire-sur-la-Lys,6810,5725,5432,359,36,2419,158,945,811,0,447,257
62,Pas-de-Calais,40,Arques,6204,5278,4931,337,49,2388,135,454,955,0,335,278
62,Pas-de-Calais,41,Arras,26171,21910,20924,1653,281,7585,985,2283,4001,0,2216,1920
62,Pas-de-Calais,48,Auchel,8805,7026,6756,2339,56,1830,173,749,678,0,509,422
62,Pas-de-Calais,65,Avion,12510,9610,9102,3690,113,2180,364,665,731,0,494,865
62,Pas-de-Calais,108,Berck,9985,7812,7476,564,57,2693,165,815,1058,0,1441,683
62,Pas-de-Calais,119,Béthune,17319,13494,12989,1314,62,5404,438,1237,2003,0,1478,1053
62,Pas-de-Calais,160,Boulogne-sur-Mer,30066,21782,20990,2730,181,8039,582,4361,2500,0,1062,1535
62,Pas-de-Calais,178,Bruay-la-Buissière,16369,12220,11621,2041,148,5397,400,804,1245,0,845,741
62,Pas-de-Calais,186,Bully-les-Mines,8818,7059,6768,1360,67,2816,280,516,638,0,589,502
62,Pas-de-Calais,193,Calais,50690,36860,35102,10475,389,7466,1111,2680,7942,0,2210,2829
62,Pas-de-Calais,215,Carvin,10675,8224,7895,2357,68,1897,252,676,1122,0,453,1070
62,Pas-de-Calais,250,Courrières,7906,6334,6005,1083,95,2112,234,518,807,0,315,841
62,Pas-de-Calais,318,Etaples,7435,6058,5736,898,81,1291,126,537,458,0,1979,366
62,Pas-de-Calais,413,Harnes,9127,7104,6755,1675,113,1652,270,635,842,0,436,1132
62,Pas-de-Calais,427,Hénin-Beaumont,17956,14060,13540,2576,129,4554,534,1539,1809,0,747,1652
62,Pas-de-Calais,498,Lens,25101,19683,18731,2789,210,7597,685,1534,2172,0,1800,1944
62,Pas-de-Calais,510,Liévin,22023,17301,16421,2954,159,7899,575,943,1568,0,988,1335
62,Pas-de-Calais,516,Lillers,6863,5744,5465,1351,39,1900,169,506,722,0,445,333
62,Pas-de-Calais,525,Longuenesse,7529,5918,5657,423,62,2636,179,520,1059,0,362,416
62,Pas-de-Calais,570,Méricourt,8531,6626,6434,2380,68,1494,288,555,627,0,293,729
62,Pas-de-Calais,587,Montigny-en-Gohelle,6604,5023,4764,1601,75,1192,195,360,551,0,247,543
62,Pas-de-Calais,617,Noeux-les-Mines,8944,7199,6899,1368,55,2482,339,734,999,0,552,370
62,Pas-de-Calais,637,Oignies,6596,5215,4994,1062,41,1349,168,460,661,0,255,998
62,Pas-de-Calais,643,Outreau,9778,7996,7589,1577,100,3167,257,859,783,0,333,513
62,Pas-de-Calais,667,Le Portel,7221,5280,5096,956,61,1373,141,913,1024,0,238,390
62,Pas-de-Calais,724,Rouvroy,6062,4994,4756,2191,56,853,166,370,487,0,176,457
62,Pas-de-Calais,758,Saint-Martin-Boulogne,8186,6269,6063,868,37,2190,183,1098,982,0,317,388
62,Pas-de-Calais,765,Saint-Omer,9991,7752,7420,456,47,2563,205,780,2123,0,640,606
62,Pas-de-Calais,771,Sallaumines,7701,5675,5502,2049,62,1221,210,422,585,0,302,651
62,Pas-de-Calais,907,Libercourt,5445,4136,3970,858,69,1094,155,294,638,0,159,703
63,Puy-de-Dôme,75,Chamalières,11744,9650,9347,247,104,2241,0,6070,0,0,49,636
63,Puy-de-Dôme,113,Clermont-Ferrand,72455,56674,54539,3558,1163,21374,0,24356,0,0,306,3782
63,Puy-de-Dôme,124,Cournon-d'Auvergne,10993,8652,8232,506,170,3222,0,3751,0,0,54,529
63,Puy-de-Dôme,178,Issoire,8348,6963,6629,422,129,2426,0,3191,0,0,30,431
63,Puy-de-Dôme,300,Riom,10230,8460,8057,1093,165,2575,0,3636,0,0,53,535
63,Puy-de-Dôme,430,Thiers,10042,7930,7540,633,183,3014,0,2860,0,0,28,822
64,Pyrénées-Atlantiques,24,Anglet,22360,17548,16882,1042,115,5752,301,0,0,8228,0,1444
64,Pyrénées-Atlantiques,102,Bayonne,26802,19658,18945,1321,122,6858,442,0,0,8653,0,1549
64,Pyrénées-Atlantiques,122,Biarritz,21370,16335,15760,658,78,5127,211,0,0,8101,0,1585
64,Pyrénées-Atlantiques,129,Billère,8496,6538,6277,399,46,2597,0,0,0,2642,0,593
64,Pyrénées-Atlantiques,260,Hendaye,7103,5570,5389,460,40,2224,224,0,0,2021,0,420
64,Pyrénées-Atlantiques,410,Mourenx,5525,3840,3721,866,36,1269,1,0,0,941,0,608
64,Pyrénées-Atlantiques,422,Oloron-Sainte-Marie,8161,6533,6228,982,45,2469,42,0,0,2299,0,391
64,Pyrénées-Atlantiques,430,Orthez,7894,6527,6152,357,43,2796,0,0,0,2683,0,273
64,Pyrénées-Atlantiques,445,Pau,50096,39538,38465,1653,227,16130,0,0,0,16540,0,3915
64,Pyrénées-Atlantiques,483,Saint-Jean-de-Luz,9211,7725,7385,368,50,2222,211,0,0,3836,0,698
65,Hautes-Pyrénées,59,Bagnères-de-Bigorre,6365,4978,4713,823,44,1704,0,1886,0,0,51,205
65,Hautes-Pyrénées,286,Lourdes,12599,10269,9668,384,57,3952,0,4377,0,0,153,745
65,Hautes-Pyrénées,440,Tarbes,32039,23071,22400,4312,127,7732,0,8455,0,0,309,1465
66,Pyrénées-Orientales,136,Perpignan,71605,52869,51004,5401,286,13141,0,0,0,18281,1096,12799
67,Bas-Rhin,43,Bischheim,9381,6422,6150,319,207,2280,165,1208,765,0,204,1002
67,Bas-Rhin,46,Bischwiller,5228,3983,3548,51,227,777,133,829,725,0,198,608
67,Bas-Rhin,180,Haguenau,16256,13037,12263,128,924,2127,413,3882,2172,0,1090,1527
67,Bas-Rhin,204,Hoenheim,6629,4990,4810,166,96,1795,162,1026,786,0,149,630
67,Bas-Rhin,218,Illkirch-Graffenstaden,14151,10516,10203,187,250,2867,316,1019,3997,0,286,1281
67,Bas-Rhin,267,Lingolsheim,10602,7704,7336,148,213,2209,256,1452,1737,0,230,1091
67,Bas-Rhin,365,Ostwald,6553,4822,4581,119,117,1719,110,576,1157,0,134,649
67,Bas-Rhin,437,Saverne,6485,5255,5047,50,95,861,151,2767,431,0,105,587
67,Bas-Rhin,447,Schiltigheim,18122,12626,12101,353,257,6166,277,1667,1492,0,67,1822
67,Bas-Rhin,462,Sélestat,10388,8099,7427,148,339,1931,461,2260,1084,0,243,961
67,Bas-Rhin,482,Strasbourg,128723,91061,87760,1730,2218,29273,2583,20564,14880,0,3856,12656
68,Haut-Rhin,63,Cernay,5984,4551,4229,101,12,1453,172,551,933,0,115,892
68,Haut-Rhin,66,Colmar,35271,26689,24534,481,92,7262,867,8792,3049,0,781,3210
68,Haut-Rhin,112,Guebwiller,6102,4756,4406,116,12,1488,173,648,1224,0,127,618
68,Haut-Rhin,154,Illzach,8761,6442,6193,131,29,2065,221,1417,999,0,164,1167
68,Haut-Rhin,166,Kingersheim,6461,4950,4710,136,20,1708,159,745,949,0,136,857
68,Haut-Rhin,224,Mulhouse,62725,43208,40722,898,136,13691,1303,9282,6588,0,1034,7790
68,Haut-Rhin,271,Riedisheim,8751,6548,6290,95,8,1894,275,1488,1401,0,175,954
68,Haut-Rhin,278,Rixheim,7105,5351,5103,71,8,1605,208,1270,1002,0,147,792
68,Haut-Rhin,297,Saint-Louis,10345,7410,6867,122,25,1930,305,1260,1874,0,200,1151
68,Haut-Rhin,375,Wittelsheim,6891,5469,5215,260,27,2182,173,475,984,0,135,979
68,Haut-Rhin,376,Wittenheim,8455,6625,6187,343,28,2409,209,647,1375,0,190,986
69,Rhône,27,Brignais,5050,4148,4046,262,89,1154,110,1120,734,0,71,506
69,Rhône,29,Bron,22090,16618,16137,1179,319,5061,500,2835,3076,0,589,2578
69,Rhône,34,Caluire-et-Cuire,25946,20723,20286,833,302,5683,576,5348,4842,0,146,2556
69,Rhône,81,Ecully,11504,9094,8944,215,90,2080,205,3196,2061,0,61,1036
69,Rhône,89,Francheville,6586,5345,5131,210,71,1571,146,1304,1229,0,43,557
69,Rhône,91,Givors,11503,8004,7758,2259,232,1905,229,650,1414,0,76,993
69,Rhône,123,LYON Secteur 01,242399,178277,173158,9399,2925,49222,4120,40617,41895,0,1513,23467
69,Rhône,149,Oullins,17285,12579,12286,1215,279,4323,320,2091,2722,0,94,1242
69,Rhône,152,Pierre-Bénite,4973,3759,3622,917,86,979,112,488,572,0,40,428
69,Rhône,199,Saint-Fons,8050,5715,5539,1001,215,1906,164,591,718,0,69,875
69,Rhône,202,Sainte-Foy-lès-Lyon,13497,10884,10679,386,146,2902,296,3111,2531,0,100,1207
69,Rhône,204,Saint-Genis-Laval,9541,7602,7423,468,132,2121,198,1826,1670,0,70,938
69,Rhône,243,Tarare,6898,5188,5038,220,98,1543,125,1487,1153,0,23,389
69,Rhône,244,Tassin-la-Demi-Lune,9529,7811,7636,235,99,1977,201,2112,2118,0,65,829
69,Rhône,256,Vaulx-en-Velin,18088,11582,11252,2303,358,3216,301,1001,1842,0,148,2083
69,Rhône,259,Vénissieux,31249,21091,20477,5050,719,6023,502,2107,2808,0,266,3002
69,Rhône,264,Villefranche-sur-Saône,14967,11129,10824,702,238,3231,255,3015,1695,0,108,1580
69,Rhône,266,Villeurbanne,60215,47283,46148,3304,474,18800,1089,7152,8503,0,349,6477
69,Rhône,275,Décines-Charpieu,12193,9164,8926,891,205,3166,246,1239,1684,0,90,1405
69,Rhône,282,Meyzieu,15508,12030,11697,829,218,4222,319,1798,2149,0,142,2020
69,Rhône,286,Rillieux-la-Pape,16247,11563,11182,651,324,3273,263,2212,1977,0,307,2175
69,Rhône,290,Saint-Priest,22031,16234,15675,1537,402,5344,409,2139,2621,0,178,3045
70,Haute-Saône,285,Héricourt Section 01,5643,4371,4149,372,39,2146,0,0,0,1254,0,338
70,Haute-Saône,310,Lure,4842,4016,3816,239,36,1406,0,0,0,1670,0,465
70,Haute-Saône,311,Luxeuil-les-Bains,5431,4287,4034,192,46,1574,0,0,0,1806,0,416
70,Haute-Saône,550,Vesoul,9009,7260,6972,352,76,2561,0,0,0,3372,0,611
71,Saône-et-Loire,14,Autun,11881,9276,8678,365,187,3456,0,2482,1380,0,0,808
71,Saône-et-Loire,76,Chalon-sur-Saône,31315,23500,22640,1932,351,7955,0,1051,9726,0,0,1625
71,Saône-et-Loire,153,Le Creusot,18837,14497,13676,1375,257,5480,0,1864,3701,0,0,999
71,Saône-et-Loire,176,Digoin,6108,4461,4250,674,129,1560,0,690,892,0,0,305
71,Saône-et-Loire,230,Gueugnon,6450,4995,4730,450,121,2272,0,505,1123,0,0,259
71,Saône-et-Loire,270,Mâcon,20805,14687,14031,831,203,5562,0,3230,3000,0,0,1205
71,Saône-et-Loire,306,Montceau-les-Mines,17791,12069,11632,1472,212,3748,0,794,4720,0,0,686
71,Saône-et-Loire,342,Paray-le-Monial,7195,5320,5019,490,104,1738,0,1249,1121,0,0,317
71,Saône-et-Loire,486,Saint-Vallier,7060,5143,4946,977,102,1742,0,462,1384,0,0,279
72,Sarthe,3,Allonnes,9149,6411,6093,2201,116,1465,0,0,0,2048,0,263
72,Sarthe,132,La Ferté-Bernard,6329,4689,4333,382,122,1597,0,0,0,1955,0,277
72,Sarthe,154,La Flèche,9913,7949,7469,286,95,2860,0,0,0,3778,0,450
72,Sarthe,181,Le Mans,97006,72621,69669,13034,825,21862,0,0,0,30489,0,3459
72,Sarthe,264,Sablé-sur-Sarthe,7823,6127,5870,273,90,1390,0,0,0,3816,0,301
73,Savoie,8,Aix-les-Bains,15512,11813,11504,445,86,3549,0,0,0,6076,0,1348
73,Savoie,11,Albertville,10108,7291,7052,606,50,1932,0,0,0,3840,0,624
73,Savoie,65,Chambéry,29420,21868,21228,1288,197,7651,0,0,0,9961,0,2131
73,Savoie,248,Saint-Jean-de-Maurienne,4802,3652,3497,207,19,1407,0,0,0,1555,0,309
74,Haute-Savoie,10,Annecy,28754,20410,19953,790,71,6412,412,7557,2443,0,420,1848
74,Haute-Savoie,11,Annecy-le-Vieux,9591,7341,7157,261,41,2182,181,3001,852,0,120,519
74,Haute-Savoie,12,Annemasse,13275,9571,9344,351,30,3873,142,2382,1273,0,275,1018
74,Haute-Savoie,81,Cluses,7573,5499,5343,244,33,1690,146,1169,784,0,332,945
74,Haute-Savoie,93,Cran-Gevrier,7072,5304,5091,260,28,2210,149,1367,508,0,114,455
74,Haute-Savoie,133,Gaillard,4932,2868,2828,116,2,949,50,808,525,0,87,291
74,Haute-Savoie,256,Sallanches,6181,4633,4443,174,10,1206,90,1327,694,0,428,514
74,Haute-Savoie,268,Seynod,6576,4938,4791,251,21,1893,118,1473,506,0,148,381
74,Haute-Savoie,281,Thonon-les-Bains,16909,12693,12164,405,38,3887,422,3461,2322,0,358,1271
75,Paris,100,Paris,1250484,933781,918190,41881,8901,293861,16185,108705,321459,0,26266,100933
76,Seine-Maritime,57,Barentin,7955,6210,5914,612,207,2941,137,1666,0,0,48,303
76,Seine-Maritime,95,Bihorel,6716,5447,5291,253,83,1870,115,2558,0,0,15,397
76,Seine-Maritime,108,Bois-Guillaume,7369,6139,6015,167,49,1652,120,3505,0,0,26,496
76,Seine-Maritime,114,Bolbec,8301,6319,6014,992,246,2293,111,1934,0,0,27,411
76,Seine-Maritime,157,Canteleu,8492,6247,6014,955,190,2554,125,1747,0,0,34,409
76,Seine-Maritime,165,Caudebec-lès-Elbeuf,6713,4512,4327,439,144,1759,80,1532,0,0,24,349
76,Seine-Maritime,212,Darnétal,6168,4290,4129,679,154,1489,80,1459,0,0,14,254
76,Seine-Maritime,216,Déville-lès-Rouen,7659,5444,5230,641,164,2086,121,1862,0,0,29,327
76,Seine-Maritime,217,Dieppe,24945,19200,18646,3603,485,6182,347,6902,0,0,77,1050
76,Seine-Maritime,231,Elbeuf,8931,6349,6144,631,190,2516,116,2108,0,0,50,533
76,Seine-Maritime,259,Fécamp,14337,10619,10216,844,385,3760,192,4439,0,0,61,535
76,Seine-Maritime,305,Gonfreville-l'Orcher,6180,4767,4613,2086,181,1235,86,669,0,0,29,327
76,Seine-Maritime,319,Grand-Couronne,6210,4760,4591,980,137,1840,104,1248,0,0,18,264
76,Seine-Maritime,322,Le Grand-Quevilly,20053,16251,15564,1390,404,9584,325,2999,0,0,83,779
76,Seine-Maritime,341,Harfleur,5555,4572,4406,1281,127,1410,120,1131,0,0,26,311
76,Seine-Maritime,351,Le Havre,127505,92185,87748,19413,1955,26525,1717,29755,0,0,329,8054
76,Seine-Maritime,384,Lillebonne,6198,4683,4524,343,110,2160,116,1540,0,0,16,239
76,Seine-Maritime,410,Maromme,8095,6098,5837,1095,162,2249,111,1904,0,0,37,279
76,Seine-Maritime,447,Montivilliers,10605,7906,7662,1012,207,2968,197,2679,0,0,48,551
76,Seine-Maritime,451,Mont-Saint-Aignan,11848,9230,9014,340,99,2906,171,4847,0,0,21,630
76,Seine-Maritime,484,Oissel,7173,5379,5206,1650,144,1484,116,1466,0,0,24,322
76,Seine-Maritime,498,Le Petit-Quevilly,13310,9748,9364,1832,320,3829,193,2466,0,0,46,678
76,Seine-Maritime,540,Rouen,59438,45094,43794,2771,969,15412,814,20387,0,0,140,3301
76,Seine-Maritime,561,Saint-Aubin-lès-Elbeuf,5386,4257,4086,379,112,1660,73,1518,0,0,17,327
76,Seine-Maritime,575,Saint-Etienne-du-Rouvray,18807,13330,12859,3175,420,5037,313,3038,0,0,51,825
76,Seine-Maritime,681,Sotteville-lès-Rouen,20754,15340,14808,1856,378,6634,319,4691,0,0,52,878
76,Seine-Maritime,758,Yvetot,7601,5812,5519,284,156,2392,96,2328,0,0,37,226
77,Seine-et-Marne,14,Avon,8874,6327,6146,279,76,1817,106,0,2242,0,936,690
77,Seine-et-Marne,53,Brie-Comte-Robert,5900,4528,4345,285,62,1546,83,0,1071,0,797,501
77,Seine-et-Marne,83,Champs-sur-Marne,9319,6991,6805,997,108,2304,189,0,1252,0,1129,826
77,Seine-et-Marne,108,Chelles,27368,19240,18671,2493,259,5639,355,0,4755,0,2554,2616
77,Seine-et-Marne,122,Combs-la-Ville,9500,7568,7345,480,107,2870,146,0,1690,0,1289,763
77,Seine-et-Marne,131,Coulommiers,7434,5176,4892,333,161,1545,125,0,1354,0,847,527
77,Seine-et-Marne,152,Dammarie-les-Lys,10492,7608,7355,950,137,2330,132,0,2084,0,1046,676
77,Seine-et-Marne,186,Fontainebleau,10151,7634,7391,210,84,1607,123,0,3268,0,1266,833
77,Seine-et-Marne,243,Lagny-sur-Marne,10422,7658,7434,559,100,2203,153,0,2480,0,1013,926
77,Seine-et-Marne,284,Meaux,22040,15454,14905,1055,319,5122,334,0,3546,0,2673,1856
77,Seine-et-Marne,285,Le Mée-sur-Seine,9277,6685,6446,424,132,2400,128,0,1207,0,1476,679
77,Seine-et-Marne,288,Melun,19883,13487,13015,694,225,4209,252,0,3484,0,2646,1505
77,Seine-et-Marne,294,Mitry-Mory,9725,6852,6597,1597,131,1738,160,0,1021,0,874,1076
77,Seine-et-Marne,305,Montereau-Fault-Yonne,8800,6598,6273,999,194,1596,111,0,1533,0,995,845
77,Seine-et-Marne,333,Nemours,5945,4287,4068,303,92,1131,94,0,1370,0,581,497
77,Seine-et-Marne,337,Noisiel,6463,4724,4541,438,100,1893,105,0,751,0,747,507
77,Seine-et-Marne,350,Ozoir-la-Ferrière,7783,5967,5778,427,109,1920,111,0,1390,0,1075,746
77,Seine-et-Marne,373,Pontault-Combault,11428,8622,8366,642,77,3198,152,0,1880,0,1400,1017
77,Seine-et-Marne,379,Provins,6986,4990,4818,434,89,1157,93,0,2098,0,450,497
77,Seine-et-Marne,390,Roissy-en-Brie,8856,6556,6325,550,99,2543,179,0,1163,0,993,798
77,Seine-et-Marne,407,Saint-Fargeau-Ponthierry,6255,4458,4310,275,77,1286,86,0,1343,0,774,469
77,Seine-et-Marne,445,Savigny-le-Temple,6448,4930,4778,449,87,2091,87,0,821,0,770,473
77,Seine-et-Marne,468,Torcy,6369,4754,4596,490,78,1711,110,0,876,0,802,529
77,Seine-et-Marne,479,Vaires-sur-Marne,7570,5632,5434,500,63,1804,131,0,1355,0,912,669
77,Seine-et-Marne,514,Villeparisis,10011,7127,6925,1197,113,1973,184,0,1301,0,981,1176
78,Yvelines,5,Achères,8515,6245,6074,1181,123,1946,141,288,1418,0,318,659
78,Yvelines,15,Andrésy,7580,5926,5766,254,86,2138,127,449,1527,0,617,568
78,Yvelines,29,Aubergenville,5819,4043,3928,247,67,1492,97,174,1002,0,332,517
78,Yvelines,73,Bois-d'Arcy,6630,5341,5207,355,72,1726,137,384,1486,0,560,487
78,Yvelines,123,Carrières-sous-Poissy,3790,2994,2891,317,66,890,58,174,730,0,204,452
78,Yvelines,124,Carrières-sur-Seine,6115,4718,4596,443,51,1411,82,419,1184,0,434,572
78,Yvelines,126,La Celle-Saint-Cloud,15176,11242,11120,388,99,3353,196,1262,3766,0,1097,959
78,Yvelines,138,Chanteloup-les-Vignes,3418,2290,2209,127,74,736,52,253,470,0,176,321
78,Yvelines,146,Chatou,19409,14202,13943,525,100,3947,272,955,5249,0,1566,1329
78,Yvelines,158,Le Chesnay,18726,14229,14025,346,113,3519,197,1728,5042,0,1772,1308
78,Yvelines,165,Les Clayes-sous-Bois,10297,7864,7624,885,116,2932,182,659,1533,0,757,560
78,Yvelines,172,Conflans-Sainte-Honorine,19917,14540,14138,922,225,5907,342,822,3314,0,1080,1526
78,Yvelines,208,Elancourt,11740,9058,8828,469,84,3467,214,837,1955,0,1058,744
78,Yvelines,242,Fontenay-le-Fleury,7763,6048,5909,466,52,1953,143,475,1568,0,734,518
78,Yvelines,297,Guyancourt,6362,5009,4901,451,67,1902,133,354,1059,0,516,419
78,Yvelines,311,Houilles,17743,14122,13765,2014,142,4132,336,858,3519,0,1122,1642
78,Yvelines,335,Limay,5852,4585,4426,640,105,1369,110,337,795,0,364,706
78,Yvelines,358,Maisons-Laffitte,14742,11898,11654,330,93,2866,167,1402,3924,0,1546,1326
78,Yvelines,361,Mantes-la-Jolie,19142,12835,12463,1069,291,3980,269,1019,2790,0,835,2210
78,Yvelines,362,Mantes-la-Ville,11174,8233,7905,1047,205,2835,205,390,1555,0,501,1167
78,Yvelines,372,Marly-le-Roi,11756,9091,8962,267,53,3160,198,1004,2695,0,820,765
78,Yvelines,383,Maurepas,12548,9777,9550,526,118,3754,238,797,2178,0,1129,810
78,Yvelines,418,Montesson,6791,5308,5178,331,60,1636,112,378,1709,0,441,511
78,Yvelines,423,Montigny-le-Bretonneux,9837,8113,7962,425,80,3314,213,849,1507,0,1065,509
78,Yvelines,440,Les Mureaux,13367,9444,9140,1114,285,3129,220,470,1888,0,587,1447
78,Yvelines,481,Le Pecq,11797,8738,8615,267,84,2653,157,579,3282,0,805,788
78,Yvelines,490,Plaisir,12118,8818,8617,495,117,3377,216,756,2011,0,994,651
78,Yvelines,498,Poissy,20435,15362,14939,1224,181,5196,261,837,4331,0,1143,1766
78,Yvelines,517,Rambouillet,14499,11229,10905,563,165,3589,249,759,3086,0,1581,913
78,Yvelines,545,Saint-Cyr-l'Ecole,9824,7193,7027,1101,120,2237,164,567,1573,0,636,629
78,Yvelines,551,Saint-Germain-en-Laye,25577,19215,18871,576,161,4795,305,943,8985,0,1532,1574
78,Yvelines,586,Sartrouville,25976,19352,18897,2575,375,5928,427,1937,3664,0,1508,2483
78,Yvelines,621,Trappes,13133,8608,8310,1850,212,2668,174,1170,913,0,435,888
78,Yvelines,640,Vélizy-Villacoublay,15011,12159,11884,601,96,3687,244,482,5039,0,798,937
78,Yvelines,642,Verneuil-sur-Seine,7735,5977,5831,406,61,2247,110,303,1593,0,516,595
78,Yvelines,646,Versailles,60033,46525,45691,1392,470,10828,692,6430,15844,0,4926,5109
78,Yvelines,650,Le Vésinet,12022,9724,9584,116,58,1832,132,981,4431,0,1037,997
78,Yvelines,686,Viroflay,10618,8266,8135,315,62,2505,166,647,1993,0,1685,762
79,Deux-Sèvres,49,Bressuire,11707,9775,9208,237,115,2864,0,5652,0,0,0,340
79,Deux-Sèvres,191,Niort,38297,28931,27828,1584,425,12632,0,12024,0,0,0,1163
79,Deux-Sèvres,202,Parthenay,7912,6497,6060,199,83,2631,0,2951,0,0,0,196
79,Deux-Sèvres,329,Thouars,7775,5995,5734,389,94,2585,0,2418,0,0,0,248
80,Somme,1,Abbeville,17515,13744,12711,2237,544,4031,0,0,0,4350,820,729
80,Somme,16,Albert,7784,6233,5915,1003,161,1673,0,0,0,2635,198,245
80,Somme,21,Amiens,77171,57585,55052,7895,1424,16643,0,0,0,18862,3892,6336
80,Somme,620,Péronne,5361,4371,4197,427,120,1222,0,0,0,2039,129,260
81,Tarn,4,Albi,31707,25649,24476,2311,209,9110,0,4196,6566,0,0,2084
81,Tarn,60,Carmaux,9169,7373,6959,1270,61,3274,0,930,1057,0,0,367
81,Tarn,65,Castres,30337,25334,24095,1745,203,8783,0,2182,7710,0,0,3472
81,Tarn,99,Gaillac,7687,6518,6132,326,40,2301,0,1669,790,0,0,1006
81,Tarn,105,Graulhet,8837,7556,7078,672,64,2705,0,850,1935,0,0,852
81,Tarn,163,Mazamet,8878,7550,7306,289,56,2620,0,1042,2315,0,0,984
82,Tarn-et-Garonne,33,Castelsarrasin,8194,6547,6173,794,36,2594,0,0,0,2207,0,542
82,Tarn-et-Garonne,112,Moissac,8723,7017,6642,436,27,2929,0,0,0,2485,0,765
82,Tarn-et-Garonne,121,Montauban,32693,27018,26030,1257,116,11722,0,0,0,10673,0,2262
83,Var,23,Brignoles,6964,5610,5399,609,25,1223,0,2043,456,0,72,971
83,Var,50,Draguignan,18880,15436,14868,899,65,4192,0,4880,1501,0,1026,2305
83,Var,61,Fréjus,22818,16900,16464,800,45,3366,0,7875,1036,0,122,3220
83,Var,62,La Garde,13697,10937,10592,1722,34,2334,0,3106,1165,0,152,2079
83,Var,69,Hyères,30408,23900,22954,1569,89,5335,0,8111,3229,0,309,4312
83,Var,90,Ollioules,6458,5056,4899,564,17,1216,0,1584,579,0,49,890
83,Var,118,Saint-Raphaël,20075,15853,15355,680,34,3190,0,5940,2212,0,137,3162
83,Var,123,Sanary-sur-Mer,10295,7854,7584,454,27,1639,0,2761,1108,0,87,1508
83,Var,126,La Seyne-sur-Mer,39890,30500,29592,6604,170,5969,0,8412,3229,0,347,4861
83,Var,129,Six-Fours-les-Plages,20024,15302,14858,1228,77,3421,0,4798,1866,0,276,3192
83,Var,137,Toulon,117311,86800,84699,8238,327,19512,0,28749,9807,0,849,17217
83,Var,144,La Valette-du-Var,12529,9681,9384,846,57,2225,0,3007,1091,0,181,1977
84,Vaucluse,3,Apt,7749,5905,5581,323,34,1659,143,0,0,1880,263,1279
84,Vaucluse,7,Avignon,52767,42975,41105,3609,171,13346,983,0,0,13235,1348,8413
84,Vaucluse,19,Bollène,8602,6608,6292,1291,42,1801,128,0,0,1614,212,1204
84,Vaucluse,31,Carpentras,16667,12552,11971,789,44,3153,229,0,0,5150,303,2303
84,Vaucluse,35,Cavaillon,13659,10986,10254,884,51,3012,209,0,0,3441,436,2221
84,Vaucluse,54,L'Isle-sur-la-Sorgue,9164,7359,7091,772,32,2092,132,0,0,2312,225,1526
84,Vaucluse,87,Orange,16573,13232,12688,912,46,3547,231,0,0,4497,524,2931
84,Vaucluse,89,Pertuis,8713,7222,6894,596,19,2415,135,0,0,1970,263,1496
84,Vaucluse,92,Le Pontet,8734,7176,6905,615,36,2067,198,0,0,2000,392,1597
84,Vaucluse,129,Sorgues,10051,8037,7759,2199,39,1311,133,0,0,2182,205,1690
85,Vendée,47,Challans,9757,7505,7028,277,138,2012,0,0,0,3976,0,625
85,Vendée,92,Fontenay-le-Comte,9060,7529,6836,280,84,2657,0,0,0,3284,0,531
85,Vendée,109,Les Herbiers,8361,6842,6484,89,73,1255,0,0,0,3949,0,1118
85,Vendée,128,Luçon,6138,5001,4732,170,38,2070,0,0,0,2149,0,305
85,Vendée,191,La Roche-sur-Yon,29263,23555,22332,1072,277,9471,0,0,0,10191,0,1321
85,Vendée,194,Les Sables-d'Olonne,13110,9686,9281,0,66,2752,535,0,0,4903,0,1025
86,Vienne,66,Châtellerault,24452,18560,17785,1537,130,7309,0,7487,0,0,0,1322
86,Vienne,194,Poitiers,45266,33793,32555,2006,282,14327,0,14283,0,0,0,1657
87,Haute-Vienne,85,Limoges,85151,69588,65411,9331,1399,25288,0,0,0,24813,1300,3280
87,Haute-Vienne,154,Saint-Junien,8828,7305,6786,2718,166,1373,0,0,0,2155,107,267
88,Vosges,160,Epinal,23259,17736,16920,612,343,5326,552,1034,7602,0,0,1451
88,Vosges,196,Gérardmer,6298,5009,4704,473,197,1458,196,376,1608,0,0,396
88,Vosges,383,Remiremont,6041,4736,4454,171,92,1311,165,304,2009,0,0,402
88,Vosges,413,Saint-Dié-les-Vosges,15586,11620,11106,597,163,4067,318,704,4320,0,0,937
89,Yonne,24,Auxerre,22268,16697,16003,984,210,5255,0,8154,0,0,54,1346
89,Yonne,206,Joigny,6323,4660,4468,345,34,1162,0,2366,0,0,16,545
89,Yonne,387,Sens Section 01,15480,11744,11160,1635,74,2705,0,5304,0,0,25,1417
90,Territoire de Belfort,10,Belfort,29097,22619,21630,1288,966,8988,0,7643,0,0,0,2745
91,Essonne,27,Athis-Mons,16654,12351,12022,1329,212,3855,245,1890,2618,0,496,1377
91,Essonne,103,Brétigny-sur-Orge,11244,8907,8633,1081,187,2868,230,1417,1822,0,289,739
91,Essonne,114,Brunoy,15463,11845,11587,710,134,3592,246,2084,2906,0,667,1248
91,Essonne,161,Chilly-Mazarin,10265,7811,7633,496,110,2649,147,1422,1733,0,313,763
91,Essonne,174,Corbeil-Essonnes,20582,14750,14356,4038,206,2948,238,1319,1227,0,3231,1149
91,Essonne,201,Draveil,16471,12340,12022,1308,223,3967,257,2047,2227,0,824,1169
91,Essonne,215,Epinay-sous-Sénart,7008,4746,4589,481,114,1536,117,734,943,0,161,503
91,Essonne,223,Etampes,11145,8431,8134,1533,179,2106,204,1369,1742,0,294,707
91,Essonne,228,Evry,16077,12430,12118,822,189,5003,301,2023,2179,0,491,1110
91,Essonne,272,Gif-sur-Yvette,11787,9560,9413,420,63,3210,178,3073,1671,0,246,552
91,Essonne,286,Grigny,10152,7454,7210,1318,153,2129,159,963,1361,0,306,821
91,Essonne,312,Igny,6418,5144,5013,701,72,1615,118,912,995,0,164,436
91,Essonne,326,Juvisy-sur-Orge,8395,6381,6226,454,88,2053,130,1170,1362,0,279,690
91,Essonne,345,Longjumeau,10201,7730,7511,553,166,2705,204,1309,1404,0,453,717
91,Essonne,377,Massy,23834,17260,16824,1560,279,6908,534,2620,3015,0,488,1420
91,Essonne,386,Mennecy,6957,5457,5335,281,41,1538,114,1080,1502,0,321,458
91,Essonne,421,Montgeron,14704,11300,10894,738,155,3490,227,1683,3022,0,480,1099
91,Essonne,432,Morangis,6507,4926,4756,421,80,1607,108,808,969,0,241,522
91,Essonne,434,Morsang-sur-Orge,12522,9234,9015,2124,138,2332,179,1522,1561,0,308,851
91,Essonne,471,Orsay,10342,7914,7760,445,92,3036,209,1747,1434,0,247,550
91,Essonne,477,Palaiseau,19193,14752,14386,2042,224,4881,348,2340,2876,0,445,1230
91,Essonne,521,Ris-Orangis,16192,11834,11548,1248,166,3915,201,1917,2362,0,555,1184
91,Essonne,549,Sainte-Geneviève-des-Bois,17830,13641,13262,2092,184,4062,259,2316,2638,0,462,1249
91,Essonne,570,Saint-Michel-sur-Orge,12736,9287,8998,841,146,3208,214,1703,1820,0,301,765
91,Essonne,589,Savigny-sur-Orge,16077,12430,12118,822,189,5003,301,2023,2179,0,491,1110
91,Essonne,645,Verrières-le-Buisson,9713,7890,7738,393,77,2539,182,1625,2067,0,226,629
91,Essonne,657,Vigneux-sur-Seine,14780,10298,9985,1821,219,2951,205,1187,1905,0,581,1116
91,Essonne,687,Viry-Châtillon,17932,12867,12506,1111,176,3831,224,2502,2442,0,752,1468
91,Essonne,691,Yerres,17363,13511,13145,1105,184,4663,320,2037,2796,0,640,1400
91,Essonne,692,Les Ulis,11281,8597,8365,790,183,3608,232,1240,1334,0,254,724
92,Hauts-de-Seine,2,Antony,36492,28073,27360,3050,476,9114,594,2865,8386,0,0,2875
92,Hauts-de-Seine,4,Asnières-sur-Seine,41234,30198,29486,1882,511,8285,630,3884,9597,0,0,4697
92,Hauts-de-Seine,7,Bagneux,23620,15932,15506,3690,401,4872,428,1379,3147,0,0,1589
92,Hauts-de-Seine,9,Bois-Colombes,15593,12172,11903,720,195,3228,243,1653,4133,0,0,1731
92,Hauts-de-Seine,12,Boulogne-Billancourt,60144,46579,45617,2281,564,11735,710,4940,20664,0,0,4723
92,Hauts-de-Seine,14,Bourg-la-Reine,12472,9757,9564,387,129,3032,198,1697,3159,0,0,962
92,Hauts-de-Seine,19,Châtenay-Malabry,17289,12907,12602,1122,291,4527,292,1760,3400,0,0,1210
92,Hauts-de-Seine,20,Châtillon,14625,11933,11639,1476,213,3639,269,1133,3791,0,0,1118
92,Hauts-de-Seine,22,Chaville,11775,9257,9072,624,155,2978,212,1487,2698,0,0,918
92,Hauts-de-Seine,23,Clamart,31331,24305,23704,2149,457,7720,575,4047,6218,0,0,2538
92,Hauts-de-Seine,24,Clichy,24835,18290,17710,1943,458,6112,401,1407,4685,0,0,2704
92,Hauts-de-Seine,25,Colombes,44373,34221,33304,7231,724,8071,780,3889,8142,0,0,4467
92,Hauts-de-Seine,26,Courbevoie,32951,26965,26394,1354,364,7105,495,7774,5991,0,0,3311
92,Hauts-de-Seine,32,Fontenay-aux-Roses,15055,11877,11593,713,198,4314,257,1864,3118,0,0,1129
92,Hauts-de-Seine,33,Garches,10745,8587,8412,302,122,2066,178,1380,3513,0,0,851
92,Hauts-de-Seine,35,La Garenne-Colombes,13929,10525,10227,696,187,2939,260,1979,2766,0,0,1400
92,Hauts-de-Seine,36,Gennevilliers,19058,14339,13930,5516,433,2802,258,680,2120,0,0,2121
92,Hauts-de-Seine,40,Issy-les-Moulineaux,26875,21160,20597,2510,373,5907,353,6434,3038,0,0,1982
92,Hauts-de-Seine,44,Levallois-Perret,26518,21908,21373,3103,321,4917,356,1987,8228,0,0,2461
92,Hauts-de-Seine,46,Malakoff,20464,14835,14414,4829,296,3429,293,1515,2607,0,0,1445
92,Hauts-de-Seine,48,Meudon,31229,23407,22965,1538,369,7753,512,3289,7328,0,0,2176
92,Hauts-de-Seine,49,Montrouge,23108,17726,17270,1204,400,6086,363,2393,4949,0,0,1875
92,Hauts-de-Seine,50,Nanterre,40611,29441,28529,6898,765,7725,636,3200,5493,0,0,3812
92,Hauts-de-Seine,51,Neuilly-sur-Seine,37023,30643,30257,328,135,4177,322,6143,15793,0,0,3359
92,Hauts-de-Seine,60,Le Plessis-Robinson,14174,10327,10061,2049,183,2937,251,1166,2382,0,0,1093
92,Hauts-de-Seine,62,Puteaux,21598,16842,16325,1044,354,4886,340,2203,5216,0,0,2282
92,Hauts-de-Seine,63,Rueil-Malmaison,41216,32994,32235,1959,557,9317,642,3091,13722,0,0,2947
92,Hauts-de-Seine,64,Saint-Cloud,18823,14614,14393,302,151,3191,213,3200,5736,0,0,1600
92,Hauts-de-Seine,71,Sceaux,13497,10651,10377,354,120,3163,180,2732,2910,0,0,918
92,Hauts-de-Seine,72,Sèvres,13516,11181,10978,758,191,3699,251,1794,3306,0,0,979
92,Hauts-de-Seine,73,Suresnes,20841,16419,15976,1698,385,5164,348,1625,4939,0,0,1817
92,Hauts-de-Seine,75,Vanves,16078,12506,12196,1024,215,4120,245,2050,3392,0,0,1150
92,Hauts-de-Seine,77,Ville-d'Avray,7315,5995,5915,102,54,1432,98,1441,2273,0,0,515
92,Hauts-de-Seine,78,Villeneuve-la-Garenne,12121,8671,8352,1274,248,2451,196,774,1822,0,0,1587
93,Seine-Saint-Denis,1,Aubervilliers,30787,21123,20597,6290,615,5203,432,1428,3605,0,25,2999
93,Seine-Saint-Denis,5,Aulnay-sous-Bois,39341,28313,27517,4637,521,7548,659,2571,7398,0,8,4175
93,Seine-Saint-Denis,6,Bagnolet,16064,11904,11560,3227,255,3097,297,946,2210,0,0,1528
93,Seine-Saint-Denis,7,Le Blanc-Mesnil,25456,18209,17658,4182,405,4572,428,1447,3829,0,10,2785
93,Seine-Saint-Denis,8,Bobigny,22036,14348,13831,3583,419,3819,322,1001,2433,0,4,2250
93,Seine-Saint-Denis,10,Bondy,26360,18478,17828,1939,411,6892,484,1640,3644,0,18,2800
93,Seine-Saint-Denis,13,Le Bourget,6384,4927,4770,534,94,1226,110,621,1374,0,0,811
93,Seine-Saint-Denis,14,Clichy-sous-Bois,11148,7528,7278,1253,158,2090,179,588,1817,0,0,1193
93,Seine-Saint-Denis,27,La Courneuve,15952,10994,10609,3095,267,2796,254,785,1822,0,7,1583
93,Seine-Saint-Denis,29,Drancy,37318,25538,24729,7625,525,5859,544,1883,4594,0,14,3685
93,Seine-Saint-Denis,31,Epinay-sur-Seine,25112,18424,18012,1722,314,7332,419,1836,3949,0,2,2438
93,Seine-Saint-Denis,32,Gagny,23084,16912,16442,1762,240,5143,384,1604,4920,0,9,2380
93,Seine-Saint-Denis,45,Les Lilas,11681,9170,8924,654,152,3100,169,1725,1912,0,7,1205
93,Seine-Saint-Denis,46,Livry-Gargan,21005,16119,15703,1338,292,5561,382,1907,3887,0,15,2321
93,Seine-Saint-Denis,47,Montfermeil,11659,8718,8490,1141,160,2367,179,970,2283,0,3,1387
93,Seine-Saint-Denis,48,Montreuil,51508,35299,34334,7853,696,10090,764,3184,7268,0,31,4448
93,Seine-Saint-Denis,49,Neuilly-Plaisance,10331,7517,7272,701,125,2135,176,628,2559,0,5,943
93,Seine-Saint-Denis,50,Neuilly-sur-Marne,15768,11418,11057,1096,199,4530,274,1025,2502,0,12,1419
93,Seine-Saint-Denis,51,Noisy-le-Grand,23119,17690,17214,2068,318,5700,417,1952,4340,0,16,2403
93,Seine-Saint-Denis,53,Noisy-le-Sec,20512,14787,14373,2988,331,4050,353,1415,3251,0,7,1978
93,Seine-Saint-Denis,55,Pantin,23668,16805,16312,2595,362,5356,368,1611,3707,0,7,2306
93,Seine-Saint-Denis,57,Les Pavillons-sous-Bois,11261,8313,8020,651,132,2510,156,943,2420,0,2,1206
93,Seine-Saint-Denis,59,Pierrefitte-sur-Seine,11227,8689,8445,1914,160,2456,181,833,1612,0,5,1284
93,Seine-Saint-Denis,61,Le Pré-Saint-Gervais,7259,5494,5309,510,94,2250,90,595,1045,0,0,725
93,Seine-Saint-Denis,62,Le Raincy,9046,6981,6827,244,73,1718,108,1199,2584,0,4,897
93,Seine-Saint-Denis,63,Romainville,14419,9732,9378,2909,225,2236,198,651,1753,0,0,1406
93,Seine-Saint-Denis,64,Rosny-sous-Bois,21300,15424,14996,1937,270,4150,304,2555,3455,0,14,2311
93,Seine-Saint-Denis,66,Saint-Denis,38754,26901,25979,6535,812,7616,606,1970,4334,0,20,4086
93,Seine-Saint-Denis,70,Saint-Ouen,19336,14330,13881,3551,396,3779,304,1087,2595,0,8,2161
93,Seine-Saint-Denis,71,Sevran,21440,15032,14520,2654,357,4346,357,1433,3067,0,12,2294
93,Seine-Saint-Denis,72,Stains,17828,12402,11822,3214,412,3207,304,921,1977,0,10,1777
93,Seine-Saint-Denis,73,Tremblay-en-France,16929,12323,11899,2672,273,3401,323,1141,2353,0,8,1728
93,Seine-Saint-Denis,77,Villemomble,18022,13385,13009,805,181,3848,268,1476,4466,0,14,1951
93,Seine-Saint-Denis,78,Villepinte,12912,9105,8828,1275,163,2650,232,1055,2005,0,0,1448
93,Seine-Saint-Denis,79,Villetaneuse,4174,3050,2961,746,74,883,77,169,516,0,2,494
94,Val-de-Marne,2,Alfortville,22661,16002,15533,1551,187,7600,478,1911,2219,0,55,1532
94,Val-de-Marne,3,Arcueil,12578,9161,8906,3083,155,2371,299,874,1293,0,30,801
94,Val-de-Marne,4,Boissy-Saint-Léger,7010,5570,5428,472,101,1903,191,717,1268,0,33,743
94,Val-de-Marne,11,Bonneuil-sur-Marne,8166,5813,5623,1738,93,1364,231,594,897,0,17,689
94,Val-de-Marne,15,Bry-sur-Marne,8397,6393,6274,358,56,1739,162,1103,1979,0,22,855
94,Val-de-Marne,16,Cachan,13490,10625,10294,1219,170,3783,309,1461,2214,0,42,1096
94,Val-de-Marne,17,Champigny-sur-Marne,43057,29839,29041,7138,483,7644,835,3046,6381,0,95,3419
94,Val-de-Marne,18,Charenton-le-Pont,13645,10719,10478,540,91,3337,256,3182,1800,0,36,1236
94,Val-de-Marne,19,Chennevières-sur-Marne,8758,6606,6412,492,128,1886,217,968,1642,0,25,1054
94,Val-de-Marne,21,Chevilly-Larue,9586,7543,7317,1496,95,2262,229,914,1571,0,29,721
94,Val-de-Marne,22,Choisy-le-Roi,19270,14786,14417,3488,199,3990,447,1716,3016,0,39,1522
94,Val-de-Marne,28,Créteil,38896,30756,29953,2128,451,12812,920,3780,6569,0,116,3177
94,Val-de-Marne,33,Fontenay-sous-Bois,32532,23398,22947,5541,224,5535,585,2811,5651,0,87,2513
94,Val-de-Marne,34,Fresnes,13563,10259,9967,895,151,3886,352,1408,2090,0,58,1127
94,Val-de-Marne,37,Gentilly,9970,7195,7010,2305,108,1796,225,772,1129,0,34,641
94,Val-de-Marne,38,L'Hay-les-Roses,17668,13820,13447,1238,200,5278,423,1742,3039,0,71,1456
94,Val-de-Marne,41,Ivry-sur-Seine,29800,22611,22207,9423,412,5226,600,1841,2727,0,70,1908
94,Val-de-Marne,42,Joinville-le-Pont,10219,8228,8036,804,106,2278,239,1356,2116,0,38,1099
94,Val-de-Marne,43,Le Kremlin-Bicêtre,10091,7709,7500,1037,126,2391,230,1129,1605,0,32,950
94,Val-de-Marne,44,Limeil-Brévannes,8014,6342,6134,854,121,1823,258,706,1591,0,19,762
94,Val-de-Marne,46,Maisons-Alfort,32255,25078,24366,1782,320,7873,700,6115,4448,0,91,3037
94,Val-de-Marne,52,Nogent-sur-Marne,16326,13010,12775,527,94,3028,283,1490,5760,0,35,1558
94,Val-de-Marne,54,Orly,13078,8876,8587,2537,256,2189,341,852,1340,0,37,1035
94,Val-de-Marne,58,Le Perreux-sur-Marne,18945,14364,14040,776,91,3750,362,1366,5856,0,57,1782
94,Val-de-Marne,59,Le Plessis-Trévise,6927,5530,5384,506,68,1618,163,1299,951,0,22,757
94,Val-de-Marne,60,La Queue-en-Brie,5993,4243,4132,549,71,1257,128,597,997,0,14,519
94,Val-de-Marne,67,Saint-Mandé,13405,10256,10050,241,70,2450,215,1337,4576,0,41,1120
94,Val-de-Marne,68,Saint-Maur-des-Fossés,48247,37825,36959,1705,301,10246,900,7865,11004,0,135,4803
94,Val-de-Marne,71,Sucy-en-Brie,14573,11742,11406,641,119,3396,342,2612,2737,0,57,1502
94,Val-de-Marne,73,Thiais,13558,10760,10489,1232,161,3208,299,996,3533,0,48,1012
94,Val-de-Marne,74,Valenton,5689,4101,3975,1290,60,1010,144,421,479,0,10,561
94,Val-de-Marne,76,Villejuif,26578,20160,19636,6992,333,4878,612,1846,3058,0,56,1861
94,Val-de-Marne,77,Villeneuve-le-Roi,12656,8651,8331,2465,127,1938,244,1219,1413,0,35,890
94,Val-de-Marne,78,Villeneuve-Saint-Georges,15331,11670,11230,2172,227,3340,422,1849,1767,0,32,1421
94,Val-de-Marne,79,Villiers-sur-Marne,12783,9714,9452,868,149,3236,287,1469,2090,0,37,1316
94,Val-de-Marne,80,Vincennes,29040,22443,21905,1023,197,6222,585,4077,7103,0,64,2634
94,Val-de-Marne,81,Vitry-sur-Seine,43556,32033,31208,9427,705,8634,988,3035,5022,0,108,3289
95,Val-d'Oise,18,Argenteuil,51247,36539,35416,10446,681,8466,1017,3693,5472,0,1069,4572
95,Val-d'Oise,19,Arnouville-lès-Gonesse,7680,5793,5576,599,84,1779,191,742,1089,0,197,895
95,Val-d'Oise,63,Bezons,13216,9775,9479,3070,160,2327,296,868,1112,0,393,1253
95,Val-d'Oise,127,Cergy,12961,9451,9182,548,183,3732,264,1695,1511,0,237,1012
95,Val-d'Oise,176,Cormeilles-en-Parisis,10042,7842,7613,842,76,2285,199,1130,1929,0,284,868
95,Val-d'Oise,197,Deuil-la-Barre,11618,8654,8472,498,94,2504,230,1711,2154,0,190,1091
95,Val-d'Oise,199,Domont,7879,6363,6190,491,64,2208,173,869,1505,0,131,749
95,Val-d'Oise,203,Eaubonne,15585,11713,11413,677,126,3691,291,2551,2357,0,328,1392
95,Val-d'Oise,210,Enghien-les-Bains,7128,5680,5573,136,34,1267,88,1334,1822,0,150,742
95,Val-d'Oise,218,Eragny,8045,6055,5840,668,87,2270,218,901,906,0,150,640
95,Val-d'Oise,219,Ermont,15601,11716,11390,889,190,3812,338,2130,2395,0,290,1346
95,Val-d'Oise,252,Franconville,17892,14012,13618,1159,173,4339,401,3784,1990,0,243,1529
95,Val-d'Oise,268,Garges-lès-Gonesse,17362,10437,10099,1727,202,3642,236,953,1682,0,339,1318
95,Val-d'Oise,277,Gonesse,12077,8602,8356,825,140,2717,239,1125,1643,0,292,1375
95,Val-d'Oise,280,Goussainville,12249,9366,9067,1924,159,2589,258,785,1752,0,281,1319
95,Val-d'Oise,306,Herblay,11985,9567,9277,799,122,3053,293,1292,2537,0,208,973
95,Val-d'Oise,313,L'Isle-Adam,6345,5029,4882,281,67,1292,100,1195,1296,0,129,522
95,Val-d'Oise,424,Montigny-lès-Cormeilles,8092,6090,5915,1279,75,1588,142,667,1414,0,110,640
95,Val-d'Oise,428,Montmorency,12636,9994,9800,368,83,2849,200,1971,2980,0,229,1120
95,Val-d'Oise,476,Osny,6267,4845,4762,360,100,1615,164,1220,643,0,114,546
95,Val-d'Oise,487,Persan,4738,3351,3191,1102,111,784,19,343,311,0,80,441
95,Val-d'Oise,500,Pontoise,14819,10598,10309,584,183,3273,280,3170,1395,0,201,1223
95,Val-d'Oise,539,Saint-Brice-sous-Forêt,5527,4216,4131,351,57,1533,113,581,877,0,126,493
95,Val-d'Oise,555,Saint-Gratien,13166,9451,9200,850,127,3101,251,1882,1573,0,200,1216
95,Val-d'Oise,563,Saint-Leu-la-Forêt,8280,6684,6492,363,68,2157,197,1234,1605,0,185,683
95,Val-d'Oise,572,Saint-Ouen-l'Aumône,9351,6560,6337,521,120,2359,162,1143,987,0,184,861
95,Val-d'Oise,582,Sannois,13760,9957,9566,1013,110,2970,291,1583,1930,0,274,1395
95,Val-d'Oise,585,Sarcelles,27811,19134,18592,2667,236,7069,439,1980,3453,0,411,2337
95,Val-d'Oise,598,Soisy-sous-Montmorency,9786,7626,7367,399,115,2323,181,1388,1747,0,372,842
95,Val-d'Oise,607,Taverny,14322,10796,10477,684,141,3654,292,1520,2788,0,235,1163
95,Val-d'Oise,680,Villiers-le-Bel,11793,8105,7816,694,150,3017,249,949,1360,0,254,1143
