code département,département,circonscription,inscrits,votants,exprimés,blancs et nuls,COM,EXG,SOC,RADICAUX GAUCHE,DVG,UDF,RPR,DVD,UDF-RPR,FRN,ECO,REG
1,AIN,1,70702,53676,51417,2259,2619,706,17385,0,0,12007,14869,0,0,3831,0,0
1,AIN,2,65125,49599,47529,2070,3388,583,14481,0,0,14431,8656,0,0,5990,0,0
1,AIN,3,64910,50011,47902,2109,2781,458,14907,0,0,19774,5710,0,0,4272,0,0
1,AIN,4,76645,58046,55161,2885,2470,737,18135,0,0,13603,13835,0,0,6381,0,0
2,AISNE,1,69338,55460,52559,2901,6623,982,18884,0,0,0,0,0,21745,4325,0,0
2,AISNE,2,73864,60054,56872,3182,12569,1023,16492,0,0,0,0,0,20726,6062,0,0
2,AISNE,3,76073,62726,58545,4181,9139,989,21539,0,0,0,0,0,21781,5097,0,0
2,AISNE,4,76248,59512,56653,2859,8933,807,21135,0,0,0,0,0,20831,4947,0,0
2,AISNE,5,69214,54437,52022,2415,6044,656,17186,0,0,0,0,0,23163,4973,0,0
3,ALLIER,1,58659,45595,43124,2471,7077,476,12449,1797,0,0,0,0,18851,2474,0,0
3,ALLIER,2,70393,55578,52294,3284,14446,560,14372,1701,0,0,0,0,18217,2998,0,0
3,ALLIER,3,72934,58894,55595,3299,16496,452,12355,1872,0,0,0,0,21315,3105,0,0
3,ALLIER,4,65393,50913,48404,2509,6293,378,13709,3036,0,0,0,0,20441,4547,0,0
4,ALPES-DE-HAUTE-PROVENCE,1,46485,38543,36851,1692,5683,303,11368,0,0,6258,8576,812,0,3851,0,0
4,ALPES-DE-HAUTE-PROVENCE,2,48968,40184,38594,1590,5175,164,11629,0,0,7716,9162,651,0,4097,0,0
5,HAUTES-ALPES,1,44532,36995,35762,1233,2430,837,12950,0,0,0,0,1222,15887,2436,0,0
5,HAUTES-ALPES,2,35851,28441,27403,1038,1930,787,8383,0,0,0,0,1890,12543,1870,0,0
6,ALPES-MARITIMES,1,65498,50232,48535,1697,5374,195,11520,0,0,0,0,0,21046,9319,1081,0
6,ALPES-MARITIMES,2,72865,55250,53741,1509,3092,150,12383,0,0,0,0,0,26089,10912,1115,0
6,ALPES-MARITIMES,3,70975,53675,52171,1504,4842,195,12823,0,0,0,0,0,21955,11219,1137,0
6,ALPES-MARITIMES,4,70175,56121,53712,2409,5516,254,12381,0,0,0,0,0,23350,10753,1458,0
6,ALPES-MARITIMES,5,72768,58535,56445,2090,7909,229,14146,0,0,0,0,0,22849,10043,1269,0
6,ALPES-MARITIMES,6,72804,58132,56287,1845,4162,254,13826,0,0,0,0,0,24201,12304,1540,0
6,ALPES-MARITIMES,7,75250,59689,57902,1787,3644,310,13285,0,0,0,0,0,25943,13226,1494,0
6,ALPES-MARITIMES,8,59836,48949,47651,1298,2584,228,10612,0,0,0,0,0,22044,11069,1114,0
6,ALPES-MARITIMES,9,76497,60956,58985,1971,4674,320,13529,0,0,0,0,0,26170,12547,1745,0
7,ARDECHE,1,63600,51179,48513,2666,6431,405,16445,0,0,12069,9193,0,0,3970,0,0
7,ARDECHE,2,73766,58347,55457,2890,3765,602,17282,0,0,8771,20633,0,0,4404,0,0
7,ARDECHE,3,63554,51470,48576,2894,5017,364,16907,0,0,11485,10413,0,0,4390,0,0
8,ARDENNES,1,69065,53957,51475,2482,6567,1460,16857,0,0,0,0,0,22173,4418,0,0
8,ARDENNES,2,63926,48942,46907,2035,9038,1192,15228,0,0,0,0,0,17012,4437,0,0
8,ARDENNES,3,60400,47580,45462,2118,4564,1332,14682,0,0,0,0,0,21647,3237,0,0
9,ARIEGE,1,53568,42626,40928,1698,5091,246,17541,0,3927,0,0,3837,8998,1288,0,0
9,ARIEGE,2,54909,45208,43087,2121,6155,183,14960,0,5916,0,0,7524,7393,956,0,0
10,AUBE,1,54821,42401,40009,2392,3352,360,11550,0,0,0,0,258,20389,4100,0,0
10,AUBE,2,66057,50736,48181,2555,3725,381,14790,0,0,0,0,305,24117,4863,0,0
10,AUBE,3,70349,52568,50048,2520,6132,330,15013,0,0,0,0,302,22894,5377,0,0
11,AUDE,1,62026,51905,49429,2476,7331,210,19860,0,0,0,0,212,16431,4240,1145,0
11,AUDE,2,82409,68536,65274,3262,10340,208,26499,0,0,0,0,327,19081,7479,1340,0
11,AUDE,3,69941,59596,56932,2664,5538,211,24404,0,0,0,0,259,21755,3561,1204,0
12,AVEYRON,1,66257,54683,51987,2696,1793,404,15694,0,0,0,0,1736,29412,2948,0,0
12,AVEYRON,2,75778,62980,59794,3186,4666,393,25929,0,0,0,0,3786,22805,2215,0,0
12,AVEYRON,3,70371,59180,56392,2788,2662,557,17436,0,0,0,0,1081,31693,2963,0,0
13,BOUCHES-DU-RHONE,1,66429,48593,47624,969,4912,379,12507,0,0,12505,4299,1297,0,11142,583,0
13,BOUCHES-DU-RHONE,2,65497,48859,48074,785,3515,270,11430,0,0,17139,4166,965,0,10049,540,0
13,BOUCHES-DU-RHONE,3,60561,41792,40909,883,3665,353,11510,0,0,9814,3551,862,0,10716,438,0
13,BOUCHES-DU-RHONE,4,57256,38426,37502,924,9899,488,8960,0,0,5350,2223,787,0,9389,406,0
13,BOUCHES-DU-RHONE,5,61628,44544,43628,916,5115,366,11825,0,0,11252,3431,1079,0,10067,493,0
13,BOUCHES-DU-RHONE,6,60792,45091,44262,829,4180,345,12532,0,0,12633,3011,1024,0,9938,599,0
13,BOUCHES-DU-RHONE,7,57488,39996,39049,947,7725,463,9560,0,0,6071,2525,808,0,11508,389,0
13,BOUCHES-DU-RHONE,8,67194,48971,47694,1277,7262,508,12960,0,0,9684,3404,1134,0,12195,547,0
13,BOUCHES-DU-RHONE,9,69801,55986,54440,1546,10788,553,10114,0,0,12044,5720,1920,0,12161,1140,0
13,BOUCHES-DU-RHONE,10,83611,67624,65803,1821,11691,688,16316,0,0,12559,6432,2383,0,14570,1164,0
13,BOUCHES-DU-RHONE,11,68944,55585,53962,1623,4198,530,14996,0,0,12389,6190,2853,0,11707,1099,0
13,BOUCHES-DU-RHONE,12,75368,58887,57278,1609,8766,675,14611,0,0,10277,5583,2458,0,13771,1137,0
13,BOUCHES-DU-RHONE,13,65001,51748,50136,1612,11465,762,13825,0,0,7257,4449,2077,0,9322,979,0
13,BOUCHES-DU-RHONE,14,77893,61306,59806,1500,4102,586,17820,0,0,13959,7032,2851,0,12347,1109,0
13,BOUCHES-DU-RHONE,15,68891,57091,54683,2408,6629,697,14322,0,0,11899,6773,2394,0,10804,1165,0
13,BOUCHES-DU-RHONE,16,72298,57883,56073,1810,11953,784,13765,0,0,8512,7109,2213,0,10800,937,0
14,CALVADOS,1,63322,47122,45418,1704,2462,436,17251,0,0,0,0,269,20649,3002,1349,0
14,CALVADOS,2,59857,44504,42817,1687,3943,543,19068,0,0,0,0,294,15203,2449,1317,0
14,CALVADOS,3,67554,53226,50348,2878,4038,706,17293,0,0,0,0,382,22953,3502,1474,0
14,CALVADOS,4,65952,51821,49580,2241,3810,501,14086,0,0,0,0,357,25528,3864,1434,0
14,CALVADOS,5,77403,60449,57612,2837,3474,531,19162,0,0,0,0,378,28238,4106,1723,0
14,CALVADOS,6,73342,59225,55150,4075,2594,745,18628,0,0,0,0,404,27300,3696,1783,0
15,CANTAL,1,61583,51181,49240,1941,2673,302,19968,0,0,0,0,0,24689,1608,0,0
15,CANTAL,2,63923,51300,49606,1694,2024,340,15028,0,0,0,0,0,30681,1533,0,0
16,CHARENTE,1,60385,46600,44283,2317,4152,1047,16998,0,0,0,0,2577,17505,2004,0,0
16,CHARENTE,2,60654,46604,44314,2290,3274,1098,14793,0,0,0,0,79,22971,2099,0,0
16,CHARENTE,3,71319,58050,54388,3662,12665,1203,15656,0,0,0,0,7106,16147,1611,0,0
16,CHARENTE,4,58476,45794,43520,2274,6422,923,17395,0,0,0,0,64,16740,1976,0,0
17,CHARENTE-MARITIME,1,73238,55340,53202,2138,5537,669,19748,0,0,0,0,7264,15925,4059,0,0
17,CHARENTE-MARITIME,2,72146,53522,50856,2666,4978,723,17302,0,0,0,0,5351,18826,3676,0,0
17,CHARENTE-MARITIME,3,75830,58139,55001,3138,4736,644,22257,0,0,0,0,6841,17384,3139,0,0
17,CHARENTE-MARITIME,4,79054,60661,56826,3835,3693,666,20258,0,0,0,0,7633,21034,3542,0,0
17,CHARENTE-MARITIME,5,76724,58522,55332,3190,4061,628,16909,0,0,0,0,7055,22081,4598,0,0
18,CHER,1,72920,57970,55333,2637,12347,949,13041,0,0,0,0,2479,22603,3914,0,0
18,CHER,2,67138,52191,49569,2622,14555,1067,11973,0,0,0,0,2300,16322,3352,0,0
18,CHER,3,83943,66136,62465,3671,14491,1367,14746,0,0,0,0,2358,25751,3752,0,0
19,CORREZE,1,67438,58481,56006,2475,13481,579,14308,0,0,0,0,0,26194,1444,0,0
19,CORREZE,2,60074,51638,49486,2152,6976,633,15176,0,0,0,0,0,24278,2423,0,0
19,CORREZE,3,57653,49554,47663,1891,8864,484,11334,0,0,0,0,0,25649,1332,0,0
2A,CORSE-DU-SUD,1,42685,33311,32008,1303,2316,0,0,10166,0,0,0,0,15879,807,0,2840
2A,CORSE-DU-SUD,2,49844,37663,36445,1218,4308,0,0,8965,0,0,0,0,19958,834,0,2380
2B,HAUTE-CORSE,1,45149,34646,33513,1133,3818,0,3598,7113,0,7098,7612,0,0,2091,0,2183
2B,HAUTE-CORSE,2,69552,52742,51898,844,3156,0,4715,13418,0,8134,16449,0,0,2655,0,3371
21,COTE-D'OR,1,58177,45335,44085,1250,1518,598,14566,0,0,0,0,0,23344,4059,0,0
21,COTE-D'OR,2,56057,42917,41281,1636,2058,773,13669,0,0,0,0,0,20824,3957,0,0
21,COTE-D'OR,3,55074,41413,39996,1417,2309,898,16166,0,0,0,0,0,16855,3768,0,0
21,COTE-D'OR,4,68800,53765,51356,2409,3690,1532,16166,0,0,0,0,0,25602,4366,0,0
21,COTE-D'OR,5,72048,55691,53251,2440,2443,1426,18627,0,0,0,0,0,25187,5568,0,0
22,COTES-D'ARMOR,1,76269,62509,59552,2957,6854,1568,23068,0,0,12639,12423,304,0,2696,0,0
22,COTES-D'ARMOR,2,80420,67748,64190,3558,3617,1150,27186,0,0,19007,10427,291,0,2512,0,0
22,COTES-D'ARMOR,3,80520,68284,64679,3605,4394,1268,26172,0,0,18768,12090,207,0,1780,0,0
22,COTES-D'ARMOR,4,82149,69910,66305,3605,16421,1611,20244,0,0,13093,12581,233,0,2122,0,0
22,COTES-D'ARMOR,5,90587,73840,69931,3909,6484,1769,26285,0,0,19131,12554,233,0,3475,0,0
23,CREUSE,1,54989,41991,39907,2084,5919,378,15230,0,0,0,0,406,16415,1559,0,0
23,CREUSE,2,57640,45610,43474,2136,4911,285,15479,0,0,0,0,434,20620,1745,0,0
24,DORDOGNE,1,72036,59706,56466,3240,9222,311,17955,0,0,0,0,392,25657,2929,0,0
24,DORDOGNE,2,74829,62242,58471,3771,6258,418,21094,0,0,0,0,792,25106,4803,0,0
24,DORDOGNE,3,75414,64796,60450,4346,11196,431,19499,0,0,0,0,581,26035,2708,0,0
24,DORDOGNE,4,79225,67329,63966,3363,12307,282,19710,0,0,0,0,579,27705,3383,0,0
25,DOUBS,1,54711,43646,41781,1865,2059,924,15543,0,0,0,0,2101,15726,5428,0,0
25,DOUBS,2,63805,50577,48459,2118,2351,877,17391,0,0,0,0,2455,19727,5658,0,0
25,DOUBS,3,60777,49372,47008,2364,2898,1131,17338,0,0,0,0,2227,19298,4116,0,0
25,DOUBS,4,63524,49443,46796,2647,4944,1113,18267,0,0,0,0,1550,16358,4564,0,0
25,DOUBS,5,61011,50510,48060,2450,1337,900,13820,0,0,0,0,2924,24135,4944,0,0
26,DROME,1,62346,48620,46821,1799,2997,434,18007,0,0,0,0,0,19666,5717,0,0
26,DROME,2,61616,49657,47659,1998,4278,395,17742,0,0,0,0,0,19374,5870,0,0
26,DROME,3,77225,61995,59241,2754,5545,578,23895,0,0,0,0,0,23603,5620,0,0
26,DROME,4,69769,53120,50763,2357,4220,598,18339,0,0,0,0,0,21571,6035,0,0
27,EURE,1,69099,52822,50306,2516,4620,459,14956,0,0,8565,12404,3126,0,4961,1215,0
27,EURE,2,61364,48503,46073,2430,3932,372,14644,0,0,9674,8793,4423,0,3204,1031,0
27,EURE,3,66263,52710,49341,3369,3480,396,16096,0,0,16978,6032,2092,0,3146,1121,0
27,EURE,4,62647,49242,46885,2357,4062,378,17909,0,0,9758,8633,1241,0,3826,1078,0
27,EURE,5,69166,55373,52575,2798,6264,320,16438,0,0,7091,15550,1095,0,4820,997,0
28,EURE-ET-LOIR,1,64815,51847,49754,2093,2847,553,18955,0,0,0,5481,17236,0,4682,0,0
28,EURE-ET-LOIR,2,58423,45740,43762,1978,2571,633,14201,0,0,0,4232,15744,0,6381,0,0
28,EURE-ET-LOIR,3,64777,50990,48552,2438,2962,660,17643,0,0,0,3588,19331,0,4368,0,0
28,EURE-ET-LOIR,4,62774,51535,48912,2623,3742,531,16107,0,0,0,3279,21291,0,3962,0,0
29,FINISTERE,1,66167,53687,52062,1625,3301,639,20784,0,0,0,0,9663,14328,3347,0,0
29,FINISTERE,2,72481,54116,52760,1356,3150,512,21199,0,0,0,0,4480,19272,4147,0,0
29,FINISTERE,3,80353,62569,60811,1758,3124,672,21247,0,0,0,0,6157,25659,3952,0,0
29,FINISTERE,4,77849,63049,61079,1970,4440,546,24272,0,0,0,0,3932,25449,2440,0,0
29,FINISTERE,5,76570,61472,59563,1909,2041,574,18343,0,0,0,0,6022,29413,3170,0,0
29,FINISTERE,6,85858,68628,66391,2237,6060,728,23604,0,0,0,0,7627,24647,3725,0,0
29,FINISTERE,7,78257,61472,59580,1892,4977,583,22585,0,0,0,0,7239,21032,3164,0,0
29,FINISTERE,8,74244,58530,56689,1841,4759,414,26764,0,0,0,0,5886,15995,2871,0,0
30,GARD,1,72311,55813,53930,1883,7607,204,15156,0,0,16963,5307,571,0,7801,0,321
30,GARD,2,80565,64615,61629,2986,10877,276,15788,0,0,16110,5799,855,0,11448,0,476
30,GARD,3,81726,66699,63505,3194,8125,325,19760,0,0,15589,9245,831,0,9028,0,602
30,GARD,4,77848,63486,59719,3767,14779,337,15437,0,0,11720,8743,789,0,7279,0,635
30,GARD,5,73280,59524,56220,3304,9894,232,18940,0,0,12437,7571,555,0,6111,0,480
31,HAUTE-GARONNE,1,61552,44759,43303,1456,2801,456,14647,0,0,0,4094,16488,0,4300,517,0
31,HAUTE-GARONNE,2,77573,63099,60739,2360,4579,654,21601,0,0,0,7076,20436,0,5485,908,0
31,HAUTE-GARONNE,3,61779,49248,47647,1601,3466,575,17743,0,0,0,4655,16578,0,3869,761,0
31,HAUTE-GARONNE,4,51032,36778,35544,1234,2803,426,12703,0,0,0,2966,12766,0,3428,452,0
31,HAUTE-GARONNE,5,84902,70741,67936,2805,5635,848,27468,0,0,0,5709,21825,0,5343,1108,0
31,HAUTE-GARONNE,6,70120,57136,54800,2336,4568,785,20484,0,0,0,4601,18395,0,4966,1001,0
31,HAUTE-GARONNE,7,81727,69387,65690,3697,6187,913,25944,0,0,0,5583,21083,0,4837,1143,0
31,HAUTE-GARONNE,8,79235,64359,61002,3357,4825,673,24906,0,0,0,5373,21060,0,3309,856,0
32,GERS,1,71601,58199,55502,2697,5090,262,22697,0,920,0,0,9393,14282,2858,0,0
32,GERS,2,65951,54592,51883,2709,4046,188,18325,0,1718,0,0,9720,15019,2867,0,0
33,GIRONDE,1,70086,52624,51359,1265,3166,676,16223,0,645,0,0,416,25483,4750,0,0
33,GIRONDE,2,56746,40502,39505,997,2042,507,11978,0,481,0,0,282,20170,4045,0,0
33,GIRONDE,3,66076,49161,47776,1385,5908,843,18244,0,791,0,0,369,18167,3454,0,0
33,GIRONDE,4,65489,50444,48860,1584,5739,1237,20785,0,901,0,0,588,15375,4235,0,0
33,GIRONDE,5,70034,55331,53136,2195,3698,1182,18891,0,946,0,0,554,24046,3819,0,0
33,GIRONDE,6,62248,48916,47595,1321,2934,836,19218,0,878,0,0,392,19510,3827,0,0
33,GIRONDE,7,72174,56099,54435,1664,3872,1045,21036,0,1048,0,0,466,22756,4212,0,0
33,GIRONDE,8,80529,65133,62617,2516,3611,1126,21422,0,1066,0,0,554,29527,5311,0,0
33,GIRONDE,9,82376,67166,64311,2855,6390,1323,23949,0,1184,0,0,542,26297,4626,0,0
33,GIRONDE,10,70882,57174,54732,2442,3250,1201,20087,0,1047,0,0,481,24650,4016,0,0
33,GIRONDE,11,67162,54132,51357,2775,3487,1574,19050,0,1032,0,0,548,22217,3449,0,0
34,HERAULT,1,57181,43194,41992,1202,2437,243,15008,0,0,6725,7907,1431,0,8241,0,0
34,HERAULT,2,52551,39524,38551,973,2490,279,14764,0,0,5316,7466,1240,0,6996,0,0
34,HERAULT,3,72976,59507,57429,2078,4614,345,20016,0,0,7798,12982,1562,0,10112,0,0
34,HERAULT,4,84982,69847,66791,3056,7085,478,25660,0,0,9120,12714,2290,0,9444,0,0
34,HERAULT,5,79997,65695,62086,3609,11845,362,21412,0,0,8139,13196,1205,0,5927,0,0
34,HERAULT,6,75205,57414,54719,2695,9407,370,15147,0,0,4786,15706,1103,0,8200,0,0
34,HERAULT,7,79346,62802,59690,3112,11094,369,17484,0,0,6981,12190,1201,0,10371,0,0
35,ILLE-ET-VILAINE,1,63914,47616,45690,1926,2439,657,21782,231,464,11616,6264,150,0,2087,0,0
35,ILLE-ET-VILAINE,2,73581,57849,54999,2850,1894,1054,22071,274,789,16815,9311,214,0,2577,0,0
35,ILLE-ET-VILAINE,3,69810,54948,52007,2941,1656,1163,20179,282,725,17383,8115,265,0,2239,0,0
35,ILLE-ET-VILAINE,4,76017,60612,56932,3680,2054,1213,19701,240,550,23707,6844,271,0,2352,0,0
35,ILLE-ET-VILAINE,5,85164,69870,65481,4389,1270,1188,17314,332,560,35606,6674,297,0,2240,0,0
35,ILLE-ET-VILAINE,6,67340,55005,51778,3227,1425,946,15944,194,390,18340,12549,209,0,1781,0,0
35,ILLE-ET-VILAINE,7,83061,65046,61368,3678,2321,1223,18400,279,3954,18790,12393,272,0,3736,0,0
36,INDRE,1,52816,42507,40125,2382,4596,414,12843,0,0,2752,16392,395,0,2733,0,0
36,INDRE,2,67287,54703,51045,3658,5732,424,18921,0,0,4452,18242,590,0,2684,0,0
36,INDRE,3,61646,50607,46724,3883,4905,396,16392,0,0,4532,17177,629,0,2693,0,0
37,INDRE-ET-LOIRE,1,56203,40495,39310,1185,1924,617,12053,0,313,0,0,15770,5451,3182,0,0
37,INDRE-ET-LOIRE,2,70006,55432,52426,3006,3385,1237,17018,0,590,0,0,15236,11209,3751,0,0
37,INDRE-ET-LOIRE,3,79869,63420,59609,3811,5687,1346,19735,0,657,0,0,18843,9756,3585,0,0
37,INDRE-ET-LOIRE,4,73029,55853,52326,3527,2607,1275,18107,0,520,0,0,17539,8615,3663,0,0
37,INDRE-ET-LOIRE,5,64845,49840,46881,2959,2326,1084,15100,0,576,0,0,16271,8121,3403,0,0
38,ISERE,1,71413,55037,53608,1429,2614,459,18328,0,258,0,0,836,25003,5041,1069,0
38,ISERE,2,59568,45736,44373,1363,7423,644,16684,0,168,0,0,592,12794,5049,1019,0
38,ISERE,3,52725,39092,37909,1183,4261,522,15175,0,182,0,0,511,12415,3978,865,0
38,ISERE,4,66059,51235,49583,1652,5319,651,17489,0,191,0,0,763,19120,4908,1142,0
38,ISERE,5,63227,49909,48139,1770,4928,663,16902,0,197,0,0,735,18715,4803,1196,0
38,ISERE,6,73637,56320,54160,2160,4191,785,18486,0,224,0,0,801,21961,6620,1092,0
38,ISERE,7,68445,53731,51549,2182,3653,773,17799,0,204,0,0,975,21323,5758,1064,0
38,ISERE,8,77319,61367,59043,2324,5465,702,22181,0,254,0,0,1004,20988,7135,1314,0
38,ISERE,9,65837,51584,49337,2247,3987,664,16384,0,226,0,0,848,20604,5361,1263,0
39,JURA,1,59988,47961,45523,2438,3196,318,16041,0,0,0,0,1800,18872,3726,1570,0
39,JURA,2,49094,38464,36691,1773,1805,236,12120,0,0,0,0,2176,15342,3625,1387,0
39,JURA,3,63236,50738,48833,1905,4985,300,17141,0,0,0,0,1022,19646,4055,1684,0
40,LANDES,1,76230,62038,58678,3360,3497,363,24746,0,2209,0,0,0,24413,3450,0,0
40,LANDES,2,77631,63668,60392,3276,5342,338,25418,0,1971,0,0,0,23859,3464,0,0
40,LANDES,3,77832,66802,63205,3597,5813,271,27942,0,3206,0,0,0,23613,2360,0,0
41,LOIR-ET-CHER,1,76440,61365,58310,3055,4246,731,23373,0,0,0,0,0,25248,4712,0,0
41,LOIR-ET-CHER,2,70610,57707,54848,2859,3996,488,19863,0,0,0,0,0,26842,3659,0,0
41,LOIR-ET-CHER,3,66759,54225,50821,3404,3806,601,17502,0,0,0,0,0,25250,3662,0,0
42,LOIRE,1,69541,49791,48491,1300,6425,665,14556,0,0,0,0,0,18154,7530,1161,0
42,LOIRE,2,61564,43073,42093,980,4523,482,12744,0,0,0,0,0,16904,6387,1053,0
42,LOIRE,3,69093,54473,52393,2080,4907,863,16740,0,0,0,0,0,20684,7524,1675,0
42,LOIRE,4,71131,52484,50251,2233,8460,1021,13795,0,0,0,0,0,17746,7970,1259,0
42,LOIRE,5,69849,52491,49634,2857,5761,1005,16030,0,0,0,0,0,21071,4473,1294,0
42,LOIRE,6,61432,47869,44782,3087,2868,939,13083,0,0,0,0,0,23036,3659,1197,0
42,LOIRE,7,76694,60008,56571,3437,3902,1173,15859,0,0,0,0,0,27319,6789,1529,0
43,HAUTE-LOIRE,1,76201,61468,59184,2284,2630,483,13795,0,0,0,0,1997,34964,5315,0,0
43,HAUTE-LOIRE,2,80010,65013,62441,2572,3096,541,18014,0,0,0,0,2367,34626,3797,0,0
44,LOIRE-ATLANTIQUE,1,62959,46744,45355,1389,1839,665,17359,539,0,0,0,254,21436,3263,0,0
44,LOIRE-ATLANTIQUE,2,67817,49115,47731,1384,2039,700,16931,534,0,0,0,243,23288,3996,0,0
44,LOIRE-ATLANTIQUE,3,75494,55141,53218,1923,4182,1110,25020,535,0,0,0,294,18300,3777,0,0
44,LOIRE-ATLANTIQUE,4,60368,45899,43965,1934,2659,1186,20208,523,0,0,0,282,16485,2622,0,0
44,LOIRE-ATLANTIQUE,5,75135,59594,56098,3496,1971,1276,20160,668,0,0,0,430,27761,3832,0,0
44,LOIRE-ATLANTIQUE,6,64754,51392,47582,3810,1715,1421,15615,569,0,0,0,385,24913,2964,0,0
44,LOIRE-ATLANTIQUE,7,77123,59919,57059,2860,2783,1640,18712,545,0,0,0,405,28814,4160,0,0
44,LOIRE-ATLANTIQUE,8,71096,51992,49885,2107,4954,1764,21392,655,0,0,0,292,17868,2960,0,0
44,LOIRE-ATLANTIQUE,9,68008,53827,50447,3380,1878,1310,14286,583,0,0,0,376,28274,3740,0,0
44,LOIRE-ATLANTIQUE,10,65658,53315,50116,3199,1499,1181,15076,540,0,0,0,394,28245,3181,0,0
45,LOIRET,1,61250,49501,47291,2210,3313,1020,16776,0,0,0,0,802,21574,3806,0,0
45,LOIRET,2,66711,53858,51194,2664,5205,1208,16791,0,0,0,0,934,22429,4627,0,0
45,LOIRET,3,70679,56274,53506,2768,3975,1425,18189,0,0,0,0,1007,24153,4757,0,0
45,LOIRET,4,83073,65375,61998,3377,7159,1505,16811,0,0,0,0,1059,29275,6189,0,0
45,LOIRET,5,74664,60224,56932,3292,5921,1428,16531,0,0,0,0,1018,26823,5211,0,0
46,LOT,1,60976,52001,49660,2341,3277,246,14081,0,13082,0,0,0,16885,2089,0,0
46,LOT,2,60745,52286,49957,2329,3011,220,22001,0,4941,0,0,0,18310,1474,0,0
47,LOT-ET-GARONNE,1,75356,60690,57210,3480,5492,497,19321,969,0,0,0,3142,22663,5126,0,0
47,LOT-ET-GARONNE,2,74842,62767,58357,4410,9490,379,18502,1303,0,0,0,3619,20784,4280,0,0
47,LOT-ET-GARONNE,3,73526,60254,55979,4275,4596,537,19457,927,0,0,0,4404,20179,5879,0,0
48,LOZERE,1,30943,25077,24095,982,1184,180,8172,0,0,0,0,0,13284,1275,0,0
48,LOZERE,2,26466,22300,21394,906,782,185,5058,0,0,0,0,0,14008,1361,0,0
49,MAINE-ET-LOIRE,1,67612,51728,48837,2891,2374,766,16281,0,280,0,0,448,25499,3189,0,0
49,MAINE-ET-LOIRE,2,68550,53711,50480,3231,4079,854,16750,0,291,0,0,451,25023,3032,0,0
49,MAINE-ET-LOIRE,3,58731,44747,41265,3482,2203,803,11720,0,366,0,0,353,23607,2213,0,0
49,MAINE-ET-LOIRE,4,64001,49805,46259,3546,1429,798,12383,0,319,0,0,374,27987,2969,0,0
49,MAINE-ET-LOIRE,5,61746,48422,45719,2703,1668,775,13897,0,265,0,0,311,25946,2857,0,0
49,MAINE-ET-LOIRE,6,70333,57240,52561,4679,1448,1027,14836,0,352,0,0,442,31651,2805,0,0
49,MAINE-ET-LOIRE,7,59880,48158,44720,3438,1825,875,14827,0,357,0,0,451,24087,2298,0,0
50,MANCHE,1,68704,54366,51146,3220,1430,464,14334,0,0,0,0,7029,22276,3849,1764,0
50,MANCHE,2,74949,60590,56523,4067,1257,494,12496,0,0,0,0,8775,28272,3569,1660,0
50,MANCHE,3,67095,52210,48892,3318,1649,424,13213,0,0,0,0,5162,21208,4196,3040,0
50,MANCHE,4,61725,47302,44992,2310,1450,305,11931,0,0,0,0,3344,22207,4061,1694,0
50,MANCHE,5,65174,47659,45999,1660,2963,356,16940,0,0,0,0,2148,17905,3464,2223,0
51,MARNE,1,53562,38875,37892,983,3285,241,11434,0,0,4567,11630,3346,0,3389,0,0
51,MARNE,2,57229,43043,41348,1695,3842,348,13525,0,0,6005,9788,4081,0,3759,0,0
51,MARNE,3,56177,41844,40250,1594,3553,330,12425,0,0,4419,12731,2865,0,3927,0,0
51,MARNE,4,56607,43164,41171,1993,6504,252,9715,0,0,5518,13051,2097,0,4034,0,0
51,MARNE,5,60171,47380,44762,2618,3775,304,12491,0,0,7636,13430,2065,0,5061,0,0
51,MARNE,6,65348,50310,47683,2627,6023,358,12780,0,0,11265,10301,2348,0,4608,0,0
52,HAUTE-MARNE,1,78050,60802,57468,3334,2952,488,18919,0,0,0,0,250,29599,5260,0,0
52,HAUTE-MARNE,2,68757,52069,49242,2827,5271,423,16216,0,0,0,0,248,21085,5999,0,0
53,MAYENNE,1,68439,56846,53165,3681,1665,670,6118,0,13951,0,0,345,28424,1992,0,0
53,MAYENNE,2,58845,47687,44480,3207,984,424,4866,0,6839,0,0,334,29475,1558,0,0
53,MAYENNE,3,66205,54972,50949,4023,1139,460,4184,0,12117,0,0,311,30937,1801,0,0
54,MEURTHE-ET-MOSELLE,1,53565,36997,35832,1165,1416,758,11351,570,0,12573,5467,0,0,3697,0,0
54,MEURTHE-ET-MOSELLE,2,72241,52834,50920,1914,2347,960,18170,707,0,14767,8887,0,0,5082,0,0
54,MEURTHE-ET-MOSELLE,3,58965,43182,41757,1425,2237,844,13845,834,0,13153,6581,0,0,4263,0,0
54,MEURTHE-ET-MOSELLE,4,75141,57573,54611,2962,3184,1732,18142,697,0,16553,8889,0,0,5414,0,0
54,MEURTHE-ET-MOSELLE,5,64896,50778,48513,2265,2140,1422,16095,593,0,16770,6215,0,0,5278,0,0
54,MEURTHE-ET-MOSELLE,6,71678,55667,53297,2370,10551,1606,16315,404,0,12493,6741,0,0,5187,0,0
54,MEURTHE-ET-MOSELLE,7,72558,54337,52136,2201,12445,1518,16074,320,0,8284,8489,0,0,5006,0,0
55,MEUSE,1,78276,62295,59056,3239,2954,550,22079,0,0,0,0,295,26800,6378,0,0
55,MEUSE,2,61594,49240,47029,2211,3505,307,17138,0,0,0,0,177,21447,4455,0,0
56,MORBIHAN,1,69539,54723,52283,2440,1323,493,16473,0,0,0,0,373,28788,4287,0,546
56,MORBIHAN,2,69559,54597,51927,2670,2744,428,15377,0,0,0,0,365,27167,5197,0,649
56,MORBIHAN,3,68500,56442,53272,3170,3050,484,15066,0,0,0,0,352,31087,2685,0,548
56,MORBIHAN,4,75209,60369,56579,3790,1610,435,14600,0,0,0,0,385,36497,2478,0,574
56,MORBIHAN,5,74710,56700,54732,1968,7521,439,20090,0,0,0,0,332,21067,4505,0,778
56,MORBIHAN,6,76766,63283,60080,3203,5822,552,22584,0,0,0,0,417,26549,3373,0,783
57,MOSELLE,1,63072,49719,47479,2240,4836,402,14053,425,0,5838,8607,5322,0,6479,1517,0
57,MOSELLE,2,62632,48597,46416,2181,1323,290,14109,344,0,7641,12128,2495,0,6483,1603,0
57,MOSELLE,3,60536,46711,44711,2000,1244,279,12782,397,0,8534,12001,2243,0,5880,1351,0
57,MOSELLE,4,65476,52874,49721,3153,789,239,10131,202,0,4320,24290,1445,0,6467,1838,0
57,MOSELLE,5,69804,55397,51452,3945,1196,405,11064,453,0,13933,11582,3565,0,7426,1828,0
57,MOSELLE,6,69177,50745,47989,2756,2336,840,13602,309,0,7644,11758,1760,0,7990,1750,0
57,MOSELLE,7,69873,54076,51357,2719,1607,487,14315,351,0,6906,15918,2443,0,7347,1983,0
57,MOSELLE,8,66897,52205,49538,2667,3253,468,14027,326,0,4519,9243,9575,0,6634,1493,0
57,MOSELLE,9,62861,49257,46612,2645,3649,316,12929,329,0,5949,12485,3593,0,5932,1430,0
57,MOSELLE,10,68080,52866,49853,3013,8824,663,15378,285,0,3824,8501,4240,0,6621,1517,0
58,NIEVRE,1,56680,43492,41639,1853,5734,288,17145,0,0,0,0,326,14949,2444,753,0
58,NIEVRE,2,59778,47791,45464,2327,7589,371,16756,0,0,0,0,400,16179,3294,875,0
58,NIEVRE,3,60920,47626,44852,2774,4930,255,19944,0,0,0,0,380,16304,2386,653,0
59,NORD,1,58722,40038,38869,1169,2728,1213,14305,0,102,5179,8386,758,0,5032,1166,0
59,NORD,2,68216,50860,49133,1727,4235,1652,19322,0,125,6250,9539,835,0,5310,1865,0
59,NORD,3,57846,41121,39931,1190,2529,1239,12360,0,98,5642,11345,831,0,4715,1172,0
59,NORD,4,62017,49032,47374,1658,3497,1536,13163,0,125,11841,10217,778,0,4764,1453,0
59,NORD,5,74545,60200,57506,2694,6795,2527,20304,0,176,7409,11701,1143,0,5523,1928,0
59,NORD,6,61663,53045,50573,2472,4672,1409,16438,0,128,7742,12998,769,0,4935,1482,0
59,NORD,7,65808,51025,48831,2194,3145,1933,15903,0,164,7742,8918,604,0,9096,1326,0
59,NORD,8,65599,49971,48005,1966,3175,2090,15088,0,197,7123,9523,670,0,8821,1318,0
59,NORD,9,61789,48257,47047,1210,2014,1155,10819,0,124,8023,16104,901,0,6733,1174,0
59,NORD,10,65464,53111,50948,2163,3982,1763,14435,0,212,8496,10318,879,0,9373,1490,0
59,NORD,11,75583,62877,60000,2877,5341,2421,22329,0,182,8657,12523,1160,0,5454,1933,0
59,NORD,12,64050,49684,47415,2269,5114,2631,18394,0,203,4225,8817,833,0,5438,1760,0
59,NORD,13,61063,47161,45437,1724,3183,1906,14307,0,150,5187,13677,757,0,4458,1812,0
59,NORD,14,61613,52831,49940,2891,2174,2175,15489,0,200,5747,18042,720,0,3732,1661,0
59,NORD,15,60781,51799,48888,2911,2955,2314,14995,0,225,9911,12276,902,0,3874,1436,0
59,NORD,16,75984,62727,58949,3778,19326,2883,14003,0,323,4447,11374,705,0,4226,1662,0
59,NORD,17,72494,55304,53117,2187,11073,2234,13380,0,173,4446,14206,611,0,5509,1485,0
59,NORD,18,76912,64353,60905,3448,7159,2253,18628,0,196,5195,16617,883,0,8508,1466,0
59,NORD,19,77816,62322,59678,2644,20418,2701,14053,0,223,4559,10211,615,0,5285,1613,0
59,NORD,20,76775,60891,58049,2842,15237,2727,14145,0,295,7246,9760,673,0,5870,2096,0
59,NORD,21,78334,60312,57908,2404,12060,2398,13674,0,229,5373,15475,810,0,6003,1886,0
59,NORD,22,74381,63690,60180,3510,13479,1909,17493,0,176,6191,12282,702,0,6545,1403,0
59,NORD,23,64998,50259,48133,2126,8686,2003,12934,0,133,7142,8996,686,0,6243,1310,0
59,NORD,24,66008,54094,51263,2831,7168,2162,15646,0,149,5052,13664,1182,0,5057,1183,0
60,OISE,1,65099,54410,51670,2740,4044,1870,15553,684,0,0,0,0,24822,4697,0,0
60,OISE,2,65001,53876,51328,2548,4047,1673,14667,1202,0,0,0,0,24494,5245,0,0
60,OISE,3,58463,45309,43098,2211,6176,1741,15087,567,0,0,0,0,14184,5343,0,0
60,OISE,4,68244,53998,51747,2251,3839,1497,16009,975,0,0,0,0,23415,6012,0,0
60,OISE,5,56229,44648,42483,2165,5587,1719,14192,685,0,0,0,0,15988,4312,0,0
60,OISE,6,60934,48658,46414,2244,3983,1587,15143,658,0,0,0,0,20101,4942,0,0
60,OISE,7,58097,46000,43738,2262,5607,1935,14567,737,0,0,0,0,15888,5004,0,0
61,ORNE,1,71258,56040,52797,3243,1487,466,6263,0,9579,0,0,1586,28541,3535,1340,0
61,ORNE,2,66485,52296,49047,3249,1687,424,6073,0,8543,0,0,2313,24780,4194,1033,0
61,ORNE,3,71782,58493,55204,3289,2019,468,4277,0,16064,0,0,4518,22434,3949,1475,0
62,PAS-DE-CALAIS,1,73242,62883,60023,2860,4476,622,21567,0,0,6629,13663,6353,0,4661,2052,0
62,PAS-DE-CALAIS,2,64548,54851,52556,2295,7189,461,17435,0,0,5402,10280,5316,0,4468,2005,0
62,PAS-DE-CALAIS,3,66784,59477,56855,2622,4100,407,20274,0,0,5115,13631,9000,0,2934,1394,0
62,PAS-DE-CALAIS,4,68889,57915,55331,2584,4723,396,17275,0,0,5216,6805,16216,0,3530,1170,0
62,PAS-DE-CALAIS,5,59080,46316,44324,1992,6980,391,15458,0,0,7547,6899,2717,0,3007,1325,0
62,PAS-DE-CALAIS,6,67024,52327,49952,2375,7958,487,16269,0,0,7068,9342,3619,0,3655,1554,0
62,PAS-DE-CALAIS,7,72931,56472,53432,3040,10503,569,13769,0,0,4252,14879,3649,0,4179,1632,0
62,PAS-DE-CALAIS,8,59151,50309,47817,2492,2939,353,20574,0,0,5099,10372,4285,0,2878,1317,0
62,PAS-DE-CALAIS,9,71815,59917,57245,2672,8324,362,23692,0,0,5778,8032,5580,0,3534,1943,0
62,PAS-DE-CALAIS,10,74205,59290,56454,2836,14141,609,19988,0,0,4851,6484,4943,0,3362,2076,0
62,PAS-DE-CALAIS,11,81589,67184,64068,3116,14497,731,20393,0,0,5660,8342,5995,0,5730,2720,0
62,PAS-DE-CALAIS,12,75283,59520,56589,2931,14832,606,21171,0,0,4038,5408,3819,0,4506,2209,0
62,PAS-DE-CALAIS,13,72010,56219,53633,2586,11913,644,18107,0,0,4461,6642,3819,0,6074,1973,0
62,PAS-DE-CALAIS,14,70456,55994,53642,2352,13605,617,15800,0,0,5065,6677,2665,0,7134,2079,0
63,PUY-DE-DOME,1,55742,44272,42503,1769,3330,1090,16755,0,0,0,0,275,18020,3033,0,0
63,PUY-DE-DOME,2,63194,50674,48317,2357,3754,1124,18824,0,0,0,0,332,21208,3075,0,0
63,PUY-DE-DOME,3,66342,53889,51895,1994,2382,898,16160,0,0,0,0,279,29098,3078,0,0
63,PUY-DE-DOME,4,66672,54293,51404,2889,4032,1268,19355,0,0,0,0,268,23829,2652,0,0
63,PUY-DE-DOME,5,66400,53896,51018,2878,4258,1224,18283,0,0,0,0,196,23643,3414,0,0
63,PUY-DE-DOME,6,78599,64816,61775,3041,6218,1453,21207,0,0,0,0,359,29177,3361,0,0
64,PYRENEES-ATLANTIQUES,1,56721,45661,44170,1491,2119,261,18385,0,0,0,0,0,19104,4300,0,1
64,PYRENEES-ATLANTIQUES,2,58856,49176,47303,1873,2318,307,19362,0,0,0,0,0,21437,3878,0,1
64,PYRENEES-ATLANTIQUES,3,74446,61735,58876,2859,4388,393,25273,0,0,0,0,0,24307,4465,0,50
64,PYRENEES-ATLANTIQUES,4,81018,66036,62511,3525,4043,387,20640,0,0,0,0,0,31905,3320,0,2216
64,PYRENEES-ATLANTIQUES,5,68393,53009,50841,2168,4162,338,17718,0,0,0,0,0,23647,3838,0,1138
64,PYRENEES-ATLANTIQUES,6,71131,56910,54255,2655,2649,373,16842,0,0,0,0,0,27868,4543,0,1980
65,HAUTES-PYRENEES,1,59342,48426,46340,2086,5272,218,16792,3968,270,0,0,393,17822,1605,0,0
65,HAUTES-PYRENEES,2,60364,48311,46173,2138,4841,314,11605,7746,395,0,0,683,17769,2820,0,0
65,HAUTES-PYRENEES,3,51437,40257,38508,1749,7106,257,11546,3504,343,0,0,487,12975,2290,0,0
66,PYRENEES-ORIENTALES,1,55648,43053,41531,1522,4878,200,10447,0,998,0,0,958,14104,9946,0,0
66,PYRENEES-ORIENTALES,2,63472,51092,49054,2038,8678,333,12299,0,1130,0,0,945,15925,9744,0,0
66,PYRENEES-ORIENTALES,3,62268,48159,45942,2217,7835,213,11210,0,1219,0,0,947,16758,7760,0,0
66,PYRENEES-ORIENTALES,4,65019,52841,50121,2720,8301,296,14305,0,1567,0,0,879,16606,8167,0,0
67,BAS-RHIN,1,49804,35138,33999,1139,512,720,9099,0,2231,9030,6094,1306,0,4052,955,0
67,BAS-RHIN,2,51408,36048,34645,1403,818,980,9231,0,2222,7478,5960,1486,0,5378,1092,0
67,BAS-RHIN,3,61643,43913,42177,1736,1238,1078,9393,0,7338,7957,5869,1889,0,6275,1140,0
67,BAS-RHIN,4,84763,64766,61647,3119,1035,1607,12303,0,5677,11241,16017,3334,0,8263,2170,0
67,BAS-RHIN,5,79644,63956,58392,5564,758,2206,10208,0,1849,20134,10065,2198,0,8083,2891,0
67,BAS-RHIN,6,63093,50377,46573,3804,816,1494,8482,0,1526,15100,9779,1757,0,5944,1675,0
67,BAS-RHIN,7,72681,58256,54507,3749,664,1998,7096,0,1316,26549,5384,2812,0,6474,2214,0
67,BAS-RHIN,8,62232,49530,45813,3717,433,2005,6240,0,1043,7012,15765,7293,0,4290,1732,0
67,BAS-RHIN,9,82142,65381,59890,5491,730,3434,9287,0,2971,16207,11419,5344,0,8366,2132,0
68,HAUT-RHIN,1,57566,45032,41739,3293,760,145,11180,0,139,13840,7191,1835,0,5172,1477,0
68,HAUT-RHIN,2,64053,51099,47736,3363,783,145,11999,0,131,16333,8546,2015,0,5739,2045,0
68,HAUT-RHIN,3,68828,56033,52826,3207,638,93,14097,0,113,6503,21249,1634,0,6603,1896,0
68,HAUT-RHIN,4,59273,44865,42211,2654,625,109,11370,0,169,9417,10839,1634,0,6362,1686,0
68,HAUT-RHIN,5,55393,39774,37370,2404,686,95,12126,0,104,8594,6801,1126,0,6564,1274,0
68,HAUT-RHIN,6,65608,48971,46240,2731,1302,169,15802,0,137,9625,8036,1482,0,8140,1547,0
68,HAUT-RHIN,7,59420,47461,44412,3049,1348,175,15975,0,145,6353,10579,1553,0,6625,1659,0
69,RHONE,1,55576,41014,39797,1217,2561,801,12636,0,0,8624,8437,359,0,5307,1072,0
69,RHONE,2,64356,47614,46283,1331,2266,844,13254,0,0,9296,12670,449,0,6317,1187,0
69,RHONE,3,58608,42705,41489,1216,2583,701,11949,0,0,9513,9568,350,0,5886,939,0
69,RHONE,4,63863,46833,45589,1244,1989,579,11383,0,0,13184,11220,356,0,5956,922,0
69,RHONE,5,70549,57201,55889,1312,2328,841,15040,0,0,15034,13416,527,0,7224,1479,0
69,RHONE,6,60215,47283,46148,1135,3304,474,18800,0,0,7152,8503,392,0,6434,1089,0
69,RHONE,7,59867,42391,41116,1275,4245,1056,12327,0,0,6609,7423,1180,0,7116,1160,0
69,RHONE,8,65074,51584,49627,1957,2169,1088,12768,0,0,16856,10033,590,0,4778,1345,0
69,RHONE,9,63631,48412,46433,1979,2323,1146,12404,0,0,13249,9666,646,0,5662,1337,0
69,RHONE,10,59944,49153,47548,1605,1882,894,11376,0,0,14081,12277,600,0,5047,1391,0
69,RHONE,11,58581,46104,44421,1683,5257,1194,12649,0,0,7728,9806,552,0,5858,1377,0
69,RHONE,12,64635,50400,49154,1246,3772,898,14675,0,0,11222,11334,501,0,5378,1374,0
69,RHONE,13,68611,52575,50987,1588,4020,1085,17099,0,0,8051,9831,672,0,8873,1356,0
69,RHONE,14,49035,34487,33446,1041,6867,1164,10474,0,0,3876,4756,514,0,4903,892,0
70,HAUTE-SAONE,1,56781,47140,45134,2006,2128,373,15120,0,0,0,0,0,23465,4048,0,0
70,HAUTE-SAONE,2,55734,46026,43436,2590,4202,423,17054,0,0,0,0,0,17918,3839,0,0
70,HAUTE-SAONE,3,51825,42795,40221,2574,2030,317,15178,0,0,0,0,0,19424,3272,0,0
71,SAONE-ET-LOIRE,1,59647,44539,42307,2232,2758,641,14105,0,986,10805,9523,0,0,3489,0,0
71,SAONE-ET-LOIRE,2,63884,48462,45199,3263,3406,1164,14712,0,1362,11082,10469,0,0,3004,0,0
71,SAONE-ET-LOIRE,3,69221,54247,51111,3136,4243,1084,19519,0,929,8871,12373,0,0,4092,0,0
71,SAONE-ET-LOIRE,4,64417,47676,45504,2172,5625,920,14493,0,1948,4824,14877,0,0,2817,0,0
71,SAONE-ET-LOIRE,5,58325,44920,43111,1809,3579,715,14479,0,573,3467,17062,0,0,3236,0,0
71,SAONE-ET-LOIRE,6,78750,58929,55798,3131,4507,1245,18829,0,1119,10928,15852,0,0,3318,0,0
72,SARTHE,1,63721,50132,47413,2719,4103,627,13605,0,0,0,0,0,26535,2543,0,0
72,SARTHE,2,75469,57185,54207,2978,12435,817,17304,0,0,0,0,0,20838,2813,0,0
72,SARTHE,3,74966,59693,55694,3999,5405,944,19404,0,0,0,0,0,26746,3195,0,0
72,SARTHE,4,66312,52014,49400,2614,6228,655,13693,0,0,0,0,0,26723,2101,0,0
72,SARTHE,5,78075,61235,57265,3970,5695,959,18700,0,0,0,0,0,28501,3410,0,0
73,SAVOIE,1,78287,60467,58702,1765,3074,444,21675,0,0,0,0,0,27791,5718,0,0
73,SAVOIE,2,67598,50214,48508,1706,4421,320,12488,0,0,0,0,0,28127,3152,0,0
73,SAVOIE,3,79942,61894,59856,2038,5520,466,20935,0,0,0,0,0,27892,5043,0,0
74,HAUTE-SAVOIE,1,66401,51004,49172,1832,2166,231,10988,0,4381,18386,6381,1272,0,4087,1280,0
74,HAUTE-SAVOIE,2,61685,46802,45273,1529,1796,179,10227,0,3964,17208,5580,1192,0,4100,1027,0
74,HAUTE-SAVOIE,3,60252,44912,43064,1848,1765,185,7377,0,4360,12544,6693,3304,0,5870,966,0
74,HAUTE-SAVOIE,4,64126,47464,45990,1474,1618,114,4784,0,11700,12702,6965,2940,0,4246,921,0
74,HAUTE-SAVOIE,5,73212,55183,52597,2586,2281,160,7696,0,8471,16362,8893,2323,0,4864,1547,0
75,PARIS,1,65697,48525,47691,834,2111,472,17758,0,55,6821,13456,1336,0,4761,921,0
75,PARIS,2,63552,48662,48121,541,1341,367,16065,0,39,4432,19757,1447,0,3698,975,0
75,PARIS,3,56242,42421,41888,533,794,200,10299,0,30,6529,17051,1767,0,4617,601,0
75,PARIS,4,60549,45129,44483,646,1091,297,11446,0,35,5236,19063,1344,0,5319,652,0
75,PARIS,5,47939,33938,33270,668,1765,465,11501,0,35,2516,11384,637,0,4362,605,0
75,PARIS,6,59855,43110,42187,923,2913,611,16417,0,62,3129,11841,864,0,5523,827,0
75,PARIS,7,61044,45106,44194,912,2716,526,16510,0,65,3870,13848,892,0,4924,843,0
75,PARIS,8,65662,50471,49512,959,2366,454,16722,0,47,6311,16419,1160,0,5079,954,0
75,PARIS,9,53230,39901,39145,756,3065,548,15143,0,34,2608,12707,787,0,3436,817,0
75,PARIS,10,62279,48009,47201,808,2648,493,17783,0,40,4040,15965,1382,0,3885,965,0
75,PARIS,11,59785,45045,44183,862,2337,462,16217,0,44,4061,14382,1566,0,4205,909,0
75,PARIS,12,67673,51396,50585,811,1511,324,14600,0,41,6339,20586,1820,0,4564,800,0
75,PARIS,13,72109,54329,53418,911,1899,416,16349,0,52,6129,20795,1732,0,5006,1040,0
75,PARIS,14,53200,42453,41937,516,484,109,7582,0,20,10061,17506,1349,0,4416,410,0
75,PARIS,15,47336,37115,36741,374,302,88,5434,0,17,9770,15719,1171,0,3927,313,0
75,PARIS,16,60185,46180,45582,598,720,189,9641,0,24,6800,20744,1753,0,5186,525,0
75,PARIS,17,60337,42917,41980,937,2387,511,13758,0,50,4419,13300,1028,0,5693,834,0
75,PARIS,18,62291,45055,44072,983,2287,576,15035,0,49,4818,13490,999,0,5968,850,0
75,PARIS,19,45603,32201,31422,779,2458,507,11779,0,43,2958,7964,551,0,4564,598,0
75,PARIS,20,58266,43277,42386,891,3256,646,15576,0,56,3481,12168,920,0,5460,823,0
75,PARIS,21,67551,49213,48190,1023,3430,636,17982,0,56,4375,13314,1130,0,6345,922,0
76,SEINE-MARITIME,1,59438,45094,43794,1300,2771,969,15067,0,345,0,0,140,20387,3301,814,0
76,SEINE-MARITIME,2,71038,56168,54494,1674,3618,989,18646,0,487,0,0,228,25583,3842,1101,0
76,SEINE-MARITIME,3,60044,43764,42237,1527,8513,1262,16598,0,386,0,0,173,11661,2703,941,0
76,SEINE-MARITIME,4,67327,51908,49879,2029,5520,1442,23851,0,559,0,0,268,13895,3269,1075,0
76,SEINE-MARITIME,5,76620,61173,58477,2696,6773,1805,23933,0,674,0,0,356,20627,3105,1204,0
76,SEINE-MARITIME,6,71509,55390,53304,2086,9999,1605,18421,0,626,0,0,270,17596,3694,1093,0
76,SEINE-MARITIME,7,61805,45607,44350,1257,5675,711,12328,0,423,0,0,160,20090,4080,883,0
76,SEINE-MARITIME,8,57543,40079,38540,1539,10574,1025,11811,0,389,0,0,155,10249,3562,775,0
76,SEINE-MARITIME,9,69669,55400,53065,2335,4290,1567,17906,0,537,0,0,282,23994,3409,1080,0
76,SEINE-MARITIME,10,69636,56915,54140,2775,3434,1733,19359,0,574,0,0,328,25048,2817,847,0
76,SEINE-MARITIME,11,69653,55850,53354,2496,7973,1620,17585,0,640,0,0,231,21307,3016,982,0
76,SEINE-MARITIME,12,63990,51718,48623,3095,2572,1856,15693,0,663,0,0,307,23473,3184,875,0
77,SEINE-ET-MARNE,1,65375,49422,47879,1543,3428,757,15968,0,0,0,12960,9061,0,4749,956,0
77,SEINE-ET-MARNE,2,64934,50405,48255,2150,2851,839,12564,0,0,0,18060,7831,0,5174,936,0
77,SEINE-ET-MARNE,3,64699,49327,47260,2067,4470,1005,14427,0,0,0,13319,7980,0,5151,908,0
77,SEINE-ET-MARNE,4,65941,51385,49029,2356,4439,1158,12072,0,0,0,18824,6279,0,5328,929,0
77,SEINE-ET-MARNE,5,64407,49458,47329,2129,3814,1020,13788,0,0,0,13122,8310,0,6125,1150,0
77,SEINE-ET-MARNE,6,60292,45649,43812,1837,4785,971,13761,0,0,0,9494,7798,0,5944,1059,0
77,SEINE-ET-MARNE,7,72018,52337,50717,1620,6057,707,15159,0,0,0,12927,7572,0,7155,1140,0
77,SEINE-ET-MARNE,8,60038,46015,44515,1500,4177,709,15832,0,0,0,9594,7512,0,5499,1192,0
77,SEINE-ET-MARNE,9,66824,51682,49872,1810,3598,774,17711,0,0,0,12117,8722,0,5906,1044,0
78,YVELINES,1,70625,55714,54709,1005,2129,548,15439,0,0,6688,16764,6884,0,5253,1004,0
78,YVELINES,2,65403,52674,51579,1095,2371,516,15634,0,0,5164,16164,5943,0,4719,1068,0
78,YVELINES,3,61900,48440,47733,707,1342,349,12991,0,0,5429,17074,5614,0,4201,733,0
78,YVELINES,4,67137,51749,50708,1041,3453,402,14923,0,0,4900,15744,5193,0,5046,1047,0
78,YVELINES,5,63404,49327,48252,1075,3491,611,13101,0,0,4921,14746,4920,0,5563,899,0
78,YVELINES,6,54089,40943,40169,774,2166,411,11198,0,0,2277,16436,3440,0,3534,707,0
78,YVELINES,7,59718,45654,44279,1375,2748,693,16326,0,0,3175,11292,4149,0,4921,975,0
78,YVELINES,8,55878,41725,40276,1449,4142,896,13519,0,0,2799,8736,3222,0,6033,929,0
78,YVELINES,9,67606,53094,51239,1855,3732,1113,16076,0,0,3677,13911,4809,0,6714,1207,0
78,YVELINES,10,76866,62194,60456,1738,2960,804,20169,0,0,5151,16114,8269,0,5573,1416,0
78,YVELINES,11,51409,37944,36899,1045,4570,576,12638,0,0,3516,7765,3637,0,3322,875,0
78,YVELINES,12,56157,43033,41897,1136,3145,547,14369,0,0,3051,11518,4194,0,4226,847,0
79,DEUX-SEVRES,1,55155,42348,40542,1806,2288,738,18394,0,0,0,0,0,17461,1661,0,0
79,DEUX-SEVRES,2,67029,51708,48622,3086,2835,1019,19850,0,0,0,0,0,22662,2256,0,0
79,DEUX-SEVRES,3,61254,50069,46709,3360,1440,761,16036,0,0,0,0,0,26564,1908,0,0
79,DEUX-SEVRES,4,64709,52986,49983,3003,1457,686,15064,0,0,0,0,0,30761,2015,0,0
80,SOMME,1,56998,43836,41299,2537,8498,1291,12533,0,0,0,0,2387,11695,4895,0,0
80,SOMME,2,60691,47964,45929,2035,5078,1011,14245,0,0,0,0,3967,17028,4600,0,0
80,SOMME,3,63981,55024,50394,4630,10392,1456,14193,0,0,0,0,3702,17603,3048,0,0
80,SOMME,4,68198,56910,52451,4459,7136,1598,16817,0,0,0,0,2945,20421,3534,0,0
80,SOMME,5,62296,52812,50091,2721,6058,1347,13426,0,0,0,0,1834,24099,3327,0,0
80,SOMME,6,67546,56510,53322,3188,5438,1517,18509,0,0,0,0,6350,17085,4423,0,0
81,TARN,1,57558,48132,45486,2646,6450,417,20403,0,0,6614,8658,0,0,2944,0,0
81,TARN,2,69356,58120,55008,3112,4139,452,21006,0,0,9794,13435,0,0,6182,0,0
81,TARN,3,58191,49629,46998,2631,2730,390,16683,0,0,5407,16501,0,0,5287,0,0
81,TARN,4,67683,58368,55592,2776,4097,446,22087,0,0,8142,14675,0,0,6145,0,0
82,TARN-ET-GARONNE,1,70966,59677,57009,2668,2930,252,0,6246,18251,0,0,342,24667,4321,0,0
82,TARN-ET-GARONNE,2,72631,60461,57364,3097,4320,280,0,12630,14893,0,0,376,20417,4448,0,0
83,VAR,1,58874,43331,42324,1007,3663,147,9364,0,391,14827,5135,343,0,8454,0,0
83,VAR,2,58437,43469,42375,1094,4575,180,10148,0,458,13922,4672,476,0,7944,0,0
83,VAR,3,79929,63730,61504,2226,5948,250,14286,0,869,20610,7797,523,0,11221,0,0
83,VAR,4,81204,67405,65098,2307,4697,206,17162,0,1933,22162,9005,480,0,9453,0,0
83,VAR,5,70041,55193,53472,1721,3221,153,12480,0,642,21813,5468,415,0,9280,0,0
83,VAR,6,93389,78183,75233,2950,10126,316,20029,0,1738,22376,8201,632,0,11815,0,0
83,VAR,7,87589,67136,65120,2016,9535,316,14334,0,843,20151,8096,665,0,11180,0,0
84,VAUCLUSE,1,65795,53837,51557,2280,4585,217,16158,430,0,0,0,2405,16318,10170,1274,0
84,VAUCLUSE,2,87560,72305,68511,3794,6708,273,21783,529,0,0,0,3514,21658,12477,1569,0
84,VAUCLUSE,3,73430,59958,57009,2949,7083,229,15479,372,0,0,0,2240,20328,10080,1198,0
84,VAUCLUSE,4,68156,55778,52669,3109,6431,207,15757,337,0,0,0,2377,17618,8818,1124,0
85,VENDEE,1,70398,56815,53035,3780,1745,627,14916,0,0,0,0,1381,32008,2358,0,0
85,VENDEE,2,67371,56531,52488,4043,2073,556,17572,0,0,0,0,1360,28474,2453,0,0
85,VENDEE,3,76227,59163,54889,4274,2486,544,15356,0,0,0,0,1307,30806,4390,0,0
85,VENDEE,4,70734,59848,56050,3798,916,501,11187,0,0,0,0,2418,38663,2365,0,0
85,VENDEE,5,71479,58336,55019,3317,2633,472,20860,0,0,0,0,1179,27305,2570,0,0
86,VIENNE,1,64382,50932,48468,2464,3176,545,20835,0,672,0,0,0,20623,2617,0,0
86,VIENNE,2,60566,47686,45564,2122,2627,479,18341,0,591,0,0,0,21319,2207,0,0
86,VIENNE,3,70706,57231,53633,3598,4951,530,19291,0,543,0,0,0,26055,2263,0,0
86,VIENNE,4,72962,56760,53887,2873,4279,544,20400,0,580,0,0,0,24410,3674,0,0
87,HAUTE-VIENNE,1,53867,44276,41662,2614,5107,721,15002,0,0,0,0,745,18033,2054,0,0
87,HAUTE-VIENNE,2,72796,60816,56155,4661,14784,1139,16569,0,0,0,0,917,20571,2175,0,0
87,HAUTE-VIENNE,3,67308,54377,50513,3864,10374,1225,18319,0,0,0,0,1058,17489,2048,0,0
87,HAUTE-VIENNE,4,67454,55541,51998,3543,11559,1180,19816,0,0,0,0,971,16285,2187,0,0
88,VOSGES,1,71322,56033,52939,3094,3208,1092,16284,0,0,3794,22426,0,0,4410,1725,0
88,VOSGES,2,71277,55338,51915,3423,3515,879,19287,0,0,3583,18985,0,0,4066,1600,0
88,VOSGES,3,63958,51045,47017,4028,2202,1413,13980,0,0,4196,19240,0,0,4165,1821,0
88,VOSGES,4,68149,54994,52259,2735,2404,759,16612,0,0,11460,15741,0,0,3730,1553,0
89,YONNE,1,72085,55601,53085,2516,3986,662,16484,0,0,0,0,217,26873,4863,0,0
89,YONNE,2,70599,55700,52966,2734,6044,648,16909,0,0,0,0,229,24138,4998,0,0
89,YONNE,3,78264,61511,58741,2770,6903,548,15861,0,0,0,0,216,28000,7213,0,0
90,TERRITOIRE DE BELFORT,1,40541,32469,30997,1472,1437,1197,12603,0,0,0,0,98,12219,3443,0,0
90,TERRITOIRE DE BELFORT,2,43731,35470,33717,1753,1967,1579,14874,0,0,0,0,99,11459,3739,0,0
91,ESSONNE,1,49651,37659,36676,983,5905,539,11766,0,0,4988,5143,4380,0,3138,817,0
91,ESSONNE,2,62002,49533,47845,1688,5175,879,13215,0,0,8468,11457,3006,0,4523,1122,0
91,ESSONNE,3,69746,55874,54096,1778,5613,991,17458,0,0,9568,11874,2351,0,4985,1256,0
91,ESSONNE,4,59187,47093,45730,1363,3713,756,15791,0,0,8844,9298,2116,0,4101,1111,0
91,ESSONNE,5,54918,43828,42881,947,2808,540,15963,0,0,9676,8291,1341,0,3203,1059,0
91,ESSONNE,6,68981,52120,50788,1332,5367,800,18400,0,0,8468,10072,1772,0,4614,1295,0
91,ESSONNE,7,67949,51096,49763,1333,4933,759,16016,0,0,8464,10826,2250,0,5534,981,0
91,ESSONNE,8,67228,50772,49352,1420,4652,733,16283,0,0,7523,11323,2485,0,5245,1108,0
91,ESSONNE,9,61909,46715,45549,1166,4196,724,15032,0,0,7893,9210,3008,0,4480,1006,0
91,ESSONNE,10,55331,41196,40020,1176,6708,645,12064,0,0,6693,7709,1413,0,3937,851,0
92,HAUTS-DE-SEINE,1,57101,42566,41266,1300,12176,1196,9865,0,0,3155,7694,133,0,6168,879,0
92,HAUTS-DE-SEINE,2,59685,44824,43806,1018,3727,720,11744,0,0,6072,13987,91,0,6480,985,0
92,HAUTS-DE-SEINE,3,62473,49573,48524,1049,2770,746,13272,0,0,11406,12890,97,0,6345,998,0
92,HAUTS-DE-SEINE,4,61452,45848,44505,1343,8596,1150,12889,0,0,4825,10432,152,0,5477,984,0
92,HAUTS-DE-SEINE,5,51348,40176,39083,1093,5046,779,11029,0,0,3394,12913,94,0,5071,757,0
92,HAUTS-DE-SEINE,6,58621,47436,46582,854,1372,488,9063,0,0,8346,21009,76,0,5565,663,0
92,HAUTS-DE-SEINE,7,70784,56190,55040,1150,2563,830,14574,0,0,7671,22971,116,0,5282,1033,0
92,HAUTS-DE-SEINE,8,65758,52029,51092,937,2765,747,15940,0,0,8854,16896,85,0,4722,1083,0
92,HAUTS-DE-SEINE,9,55477,43012,42145,867,1907,489,10703,0,0,4619,19481,53,0,4240,653,0
92,HAUTS-DE-SEINE,10,52038,40418,39374,1044,4240,724,12040,0,0,9168,8603,86,0,3778,735,0
92,HAUTS-DE-SEINE,11,67188,48456,47190,1266,9723,1097,14387,0,0,5287,10703,92,0,4817,1084,0
92,HAUTS-DE-SEINE,12,75185,58442,56997,1445,6387,1051,18610,0,0,8210,15509,140,0,5738,1352,0
92,HAUTS-DE-SEINE,13,79750,61389,59903,1486,4913,1016,19836,0,0,9054,17855,119,0,5846,1264,0
93,SEINE-SAINT-DENIS,1,51745,37919,36825,1094,6487,852,12205,0,294,3301,7424,13,0,5398,851,0
93,SEINE-SAINT-DENIS,2,50347,36162,34998,1164,8701,972,9955,0,358,2762,6009,25,0,5412,804,0
93,SEINE-SAINT-DENIS,3,53123,37047,35976,1071,9919,976,8894,0,331,2834,6801,119,0,5306,796,0
93,SEINE-SAINT-DENIS,4,47394,33466,32238,1228,8172,885,8020,0,425,2518,6372,140,0,4909,797,0
93,SEINE-SAINT-DENIS,5,59354,39883,38560,1323,11208,944,9308,0,370,2884,7027,121,0,5832,866,0
93,SEINE-SAINT-DENIS,6,58673,43374,42106,1268,6986,863,13532,0,271,4877,8875,80,0,5698,924,0
93,SEINE-SAINT-DENIS,7,51508,35299,34335,964,7853,696,9930,0,160,3184,7268,105,0,4375,764,0
93,SEINE-SAINT-DENIS,8,62392,45721,44447,1274,4504,691,12993,0,148,5635,12841,109,0,6570,956,0
93,SEINE-SAINT-DENIS,9,61286,42992,41579,1413,7836,967,12941,0,237,3706,8648,124,0,6085,1035,0
93,SEINE-SAINT-DENIS,10,50602,36628,35537,1091,5288,653,9831,0,227,3514,9818,75,0,5316,815,0
93,SEINE-SAINT-DENIS,11,50829,36459,35246,1213,6601,793,10011,0,386,3629,7425,105,0,5384,912,0
93,SEINE-SAINT-DENIS,12,58542,43930,42701,1229,4355,764,13014,0,175,5342,11615,92,0,6374,970,0
93,SEINE-SAINT-DENIS,13,52458,39222,38045,1177,4016,664,12880,0,207,3988,10212,108,0,5052,918,0
94,VAL-DE-MARNE,1,52573,41074,40074,1000,3472,383,11080,0,607,7232,10936,142,0,5122,1100,0
94,VAL-DE-MARNE,2,58958,44452,43241,1211,7536,805,14769,0,601,4940,8336,147,0,4680,1427,0
94,VAL-DE-MARNE,3,62880,47967,46404,1563,7851,750,12811,0,613,7585,9310,190,0,5687,1607,0
94,VAL-DE-MARNE,4,55962,43940,42694,1246,3510,585,12663,0,565,7798,9609,180,0,6432,1352,0
94,VAL-DE-MARNE,5,55615,40477,39547,930,5686,467,10250,0,453,4503,12048,145,0,4921,1074,0
94,VAL-DE-MARNE,6,74977,55989,54902,1087,6805,491,13736,0,471,8225,17330,192,0,6267,1385,0
94,VAL-DE-MARNE,7,57455,43833,42843,990,4505,475,10814,0,466,6493,13598,157,0,5216,1119,0
94,VAL-DE-MARNE,8,51252,40081,39044,1037,2544,462,12102,0,381,10445,7143,148,0,4753,1066,0
94,VAL-DE-MARNE,9,52334,37433,36478,955,7998,670,12944,0,420,3924,5456,127,0,3783,1156,0
94,VAL-DE-MARNE,10,59461,44929,43945,984,14934,824,10904,0,545,4414,6660,163,0,4248,1253,0
94,VAL-DE-MARNE,11,56929,42891,41871,1020,12105,702,11299,0,567,4531,7151,137,0,4047,1332,0
94,VAL-DE-MARNE,12,55996,43651,42453,1198,4967,621,14509,0,524,5274,10518,213,0,4476,1351,0
95,VAL-D'OISE,1,61784,47885,45975,1910,4381,837,14018,0,238,10425,8007,1216,0,5652,1201,0
95,VAL-D'OISE,2,66745,51017,49407,1610,3955,895,17467,0,252,9634,8647,1341,0,5711,1505,0
95,VAL-D'OISE,3,65422,50570,49022,1548,5184,619,15192,0,176,7310,12272,1302,0,5600,1367,0
95,VAL-D'OISE,4,62410,48343,47033,1310,3304,610,14985,0,159,10706,9275,1188,0,5481,1325,0
95,VAL-D'OISE,5,70463,46325,44922,1403,13516,841,10608,0,186,4561,6584,1486,0,5827,1313,0
95,VAL-D'OISE,6,62690,47137,45789,1348,3416,571,13857,0,187,8769,10293,1416,0,6065,1215,0
95,VAL-D'OISE,7,68463,52673,51195,1478,4086,642,17392,0,309,8576,11460,1292,0,6101,1337,0
95,VAL-D'OISE,8,50326,33765,32674,1091,4592,567,11181,0,370,3667,5795,1023,0,4558,921,0
95,VAL-D'OISE,9,52604,39864,38529,1335,5300,644,11884,0,284,4505,7715,1313,0,5643,1241,0
