Code département,département,circonscription,élu premier tour,Inscrits,Votants,Exprimés,Blancs et nuls,Parti communiste,Parti communiste- apparentés,Parti Socialiste Unifié,Fédération de la Gauche Démocrate et Socialiste,Radicaux de droite,Union des Démocrates pour la Vème République,Divers gaullistes,Républicains Indépendants,Centristes ralliés,Modérés,Centre Démocrate,Alliance républicaine
,,,,,,,,COM,COM,PSU,FGDS,RADDROIT,UD5,DIVGAULL,RI,RALLIE,MOD,CENTDEM,ALLREP
01,AIN,1,N,69182,50686,49341,1345,0,0,0,21892,0,0,0,0,0,0,27449,0
01,AIN,2,O,,,,,,,,,,,,,,,,
01,AIN,3,N,69216,53731,53141,590,0,0,0,19592,0,0,0,20247,0,0,13302,0
02,AISNE,1,N,52689,45005,44393,612,12236,0,0,0,0,18367,0,0,0,0,13790,0
02,AISNE,2,N,69108,57978,55728,2250,26620,0,0,0,0,29108,0,0,0,0,0,0
02,AISNE,3,N,47831,41021,39796,1225,0,0,0,20289,0,19507,0,0,0,0,0,0
02,AISNE,4,N,53688,45258,43620,1638,20611,0,0,0,0,23009,0,0,0,0,0,0
02,AISNE,5,N,67452,55988,55453,535,17563,0,0,0,26885,11005,0,0,0,0,0,0
03,ALLIER,1,N,55506,42361,40397,1964,20867,0,0,0,0,19530,0,0,0,0,0,0
03,ALLIER,2,N,64214,49113,46929,2184,0,0,0,33432,0,13497,0,0,0,0,0,0
03,ALLIER,3,N,56936,45247,43468,1779,23950,0,0,0,0,19518,0,0,0,0,0,0
03,ALLIER,4,N,67092,51751,50506,1245,0,0,0,35837,0,0,0,14669,0,0,0,0
04,ALPES-DE-HAUTE-PROVENCE,1,N,31459,24875,23989,886,0,0,0,14552,0,9437,0,0,0,0,0,0
04,ALPES-DE-HAUTE-PROVENCE,2,N,32436,25577,24988,589,0,0,0,14901,0,7918,0,0,0,0,2169,0
05,HAUTES-ALPES,1,N,31804,26770,26000,770,0,0,0,14308,0,11692,0,0,0,0,0,0
05,HAUTES-ALPES,2,N,25895,20484,20037,447,5772,0,0,0,4394,0,0,9871,0,0,0,0
06,ALPES-MARITIMES,1,N,62081,51833,50297,1536,26109,0,0,0,0,19813,0,0,0,0,4375,0
06,ALPES-MARITIMES,2,N,67908,54030,53315,715,10246,0,0,0,0,16676,0,0,0,0,26393,0
06,ALPES-MARITIMES,3,N,70710,56107,54704,1403,0,0,0,30644,0,0,0,24060,0,0,0,0
06,ALPES-MARITIMES,4,N,62364,49457,48641,816,16234,0,0,0,0,12076,0,0,0,0,20331,0
06,ALPES-MARITIMES,5,N,77895,60733,59760,973,12581,0,0,0,0,17297,0,0,0,0,29882,0
06,ALPES-MARITIMES,6,N,77400,59967,56306,3661,24293,0,0,1217,0,30796,0,0,0,0,0,0
07,ARDECHE,1,N,58369,48614,46870,1744,22445,0,0,0,0,24425,0,0,0,0,0,0
07,ARDECHE,2,N,56746,44340,43303,1037,0,0,0,16822,0,450,0,0,0,0,26031,0
07,ARDECHE,3,N,50477,39831,38253,1578,14435,0,0,0,0,0,0,0,0,0,23818,0
08,ARDENNES,1,N,54082,43306,40976,2330,18385,0,0,0,0,22591,0,0,0,0,0,0
08,ARDENNES,2,N,60289,49561,48574,987,0,0,0,27447,0,21127,0,0,0,0,0,0
08,ARDENNES,3,N,51993,43190,41979,1211,0,0,23976,0,0,18003,0,0,0,0,0,0
09,ARIEGE,1,N,45013,35322,34436,886,0,0,0,21693,0,12743,0,0,0,0,0,0
09,ARIEGE,2,N,49439,39408,38057,1351,0,0,0,22175,0,15882,0,0,0,0,0,0
10,AUBE,1,N,44082,35549,33780,1769,15035,0,0,0,0,18745,0,0,0,0,0,0
10,AUBE,2,N,51230,41941,41040,901,0,0,0,22159,0,0,0,18881,0,0,0,0
10,AUBE,3,N,58684,48327,46207,2120,21723,0,0,0,0,24484,0,0,0,0,0,0
11,AUDE,1,N,58066,47930,45532,2398,0,0,0,27601,0,17931,0,0,0,0,0,0
11,AUDE,2,N,63875,51393,48850,2543,0,0,0,37452,0,11398,0,0,0,0,0,0
11,AUDE,3,N,53121,44210,42708,1502,0,0,0,25999,0,0,0,0,16709,0,0,0
12,AVEYRON,1,O,,,,,,,,,,,,,,,,
12,AVEYRON,2,N,59438,48726,47864,862,0,0,0,29350,0,0,0,18514,0,0,0,0
12,AVEYRON,3,N,65805,53959,48459,5500,0,0,0,0,0,31802,0,0,0,0,16657,0
13,BOUCHES-DU-RHONE,1,N,49908,33738,32337,1401,0,0,0,16350,0,15987,0,0,0,0,0,0
13,BOUCHES-DU-RHONE,2,N,81345,59790,57675,2115,0,0,0,31040,0,26635,0,0,0,0,0,0
13,BOUCHES-DU-RHONE,3,N,59405,40238,38424,1814,0,0,0,23223,0,15201,0,0,0,0,0,0
13,BOUCHES-DU-RHONE,4,O,,,,,,,,,,,,,,,,
13,BOUCHES-DU-RHONE,5,N,57221,40336,38145,2191,21547,0,0,0,0,16598,0,0,0,0,0,0
13,BOUCHES-DU-RHONE,6,N,62239,47391,44732,2659,28384,0,0,0,0,16348,0,0,0,0,0,0
13,BOUCHES-DU-RHONE,7,N,53055,36318,34672,1646,21494,0,0,0,0,13178,0,0,0,0,0,0
13,BOUCHES-DU-RHONE,8,N,79190,58544,56811,1733,0,0,0,36629,0,20182,0,0,0,0,0,0
13,BOUCHES-DU-RHONE,9,N,80025,63143,60661,2482,0,0,0,40739,0,19922,0,0,0,0,0,0
13,BOUCHES-DU-RHONE,10,N,102357,78107,73683,4424,45529,0,0,0,0,28154,0,0,0,0,0,0
13,BOUCHES-DU-RHONE,11,N,73722,59281,56701,2580,0,0,0,39325,0,17376,0,0,0,0,0,0
14,CALVADOS,1,N,87613,66100,64707,1393,22561,0,0,0,0,33749,0,0,0,0,8397,0
14,CALVADOS,2,N,50719,38100,37248,852,11409,0,0,0,0,19392,0,0,0,0,6447,0
14,CALVADOS,3,N,56815,44886,43234,1652,18879,0,0,0,0,0,0,24355,0,0,0,0
14,CALVADOS,4,O,,,,,,,,,,,,,,,,
14,CALVADOS,5,N,47886,37565,36136,1429,0,0,0,0,0,17897,0,0,0,0,18239,0
15,CANTAL,1,N,57293,44302,43668,634,0,0,0,19361,0,0,0,0,24307,0,0,0
15,CANTAL,2,O,,,,,,,,,,,,,,,,
16,CHARENTE,1,N,80362,62046,60094,1952,0,0,0,25669,0,34425,0,0,0,0,0,0
16,CHARENTE,2,N,60018,43671,39998,3673,0,0,0,24431,0,15567,0,0,0,0,0,0
16,CHARENTE,3,N,65512,53005,51295,1710,23876,0,0,0,0,0,0,0,0,0,27419,0
17,CHARENTE-MARITIME,1,N,67205,53101,52245,856,0,0,0,25845,0,26400,0,0,0,0,0,0
17,CHARENTE-MARITIME,2,N,43943,32837,32055,782,0,0,0,15439,0,16616,0,0,0,0,0,0
17,CHARENTE-MARITIME,3,N,45879,34029,32858,1171,0,0,0,12501,0,0,0,0,0,0,20357,0
17,CHARENTE-MARITIME,4,N,68890,52141,50311,1830,0,0,0,30186,0,20125,0,0,0,0,0,0
17,CHARENTE-MARITIME,5,N,65758,50568,49069,1499,0,0,22084,0,0,26985,0,0,0,0,0,0
18,CHER,1,O,,,,,,,,,,,,,,,,
18,CHER,2,N,64060,52441,50721,1720,25347,0,0,0,0,25374,0,0,0,0,0,0
18,CHER,3,N,57417,45054,43482,1572,21835,0,0,0,0,21647,0,0,0,0,0,0
19,CORREZE,1,N,55297,43777,42501,1276,0,0,0,30722,0,11779,0,0,0,0,0,0
19,CORREZE,2,N,61707,54909,54375,534,0,0,0,27396,0,26979,0,0,0,0,0,0
19,CORREZE,3,N,44299,37310,36507,803,17985,0,0,0,0,18522,0,0,0,0,0,0
20,CORSE,1,O,,,,,,,,,,,,,,,,
20,CORSE,2,N,50591,37316,36820,496,0,0,0,18213,0,18607,0,0,0,0,0,0
20,CORSE,3,O,,,,,,,,,,,,,,,,
21,COTE-D'OR,1,N,68943,50512,47261,3251,20426,0,0,0,0,26835,0,0,0,0,0,0
21,COTE-D'OR,2,N,65609,48239,46967,1272,0,0,0,21532,0,25435,0,0,0,0,0,0
21,COTE-D'OR,3,N,50748,37740,36749,991,0,0,0,18510,0,0,0,18239,0,0,0,0
21,COTE-D'OR,4,N,48609,38158,37327,831,0,0,0,20866,0,16461,0,0,0,0,0,0
22,COTES-D'ARMOR,1,N,79924,68314,67153,1161,0,0,33594,0,0,33559,0,0,0,0,0,0
22,COTES-D'ARMOR,2,O,,,,,,,,,,,,,,,,
22,COTES-D'ARMOR,3,N,56557,46780,45788,992,19741,0,0,0,0,0,0,0,26047,0,0,0
22,COTES-D'ARMOR,4,N,59933,51514,50601,913,24932,0,0,0,0,0,0,0,0,0,25669,0
22,COTES-D'ARMOR,5,N,67128,56176,55157,1019,22479,0,0,0,0,0,0,0,0,0,32678,0
23,CREUSE,1,N,50442,39713,38578,1135,18460,0,0,0,20118,0,0,0,0,0,0,0
23,CREUSE,2,N,59314,42925,42217,708,0,0,0,26403,0,15814,0,0,0,0,0,0
24,DORDOGNE,1,N,64587,56084,54065,2019,26518,0,0,0,0,27547,0,0,0,0,0,0
24,DORDOGNE,2,N,60624,50549,49149,1400,0,0,0,28977,0,20172,0,0,0,0,0,0
24,DORDOGNE,3,N,64551,51716,48366,3350,0,0,0,31496,0,16870,0,0,0,0,0,0
24,DORDOGNE,4,N,62349,51403,49337,2066,0,0,0,30800,0,18537,0,0,0,0,0,0
25,DOUBS,1,N,82318,64781,63058,1723,0,0,0,26973,0,36085,0,0,0,0,0,0
25,DOUBS,2,N,85991,70173,69153,1020,0,0,0,39941,0,29212,0,0,0,0,0,0
25,DOUBS,3,O,,,,,,,,,,,,,,,,
26,DROME,1,N,70292,55791,53063,2728,26311,0,0,0,0,26752,0,0,0,0,0,0
26,DROME,2,N,59789,48835,47486,1349,0,0,0,29130,0,18356,0,0,0,0,0,0
26,DROME,3,N,66328,52907,51764,1143,0,0,0,26215,0,25549,0,0,0,0,0,0
27,EURE,1,N,62761,51332,49975,1357,0,0,0,22446,0,27529,0,0,0,0,0,0
27,EURE,2,N,47924,36331,35077,1254,0,0,0,15423,0,0,0,19654,0,0,0,0
27,EURE,3,N,51769,42123,39941,2182,16629,0,0,0,0,0,0,0,0,0,23312,0
27,EURE,4,O,,,,,,,,,,,,,,,,
28,EURE-ET-LOIR,1,N,59007,49100,47794,1306,0,0,0,28946,0,18848,0,0,0,0,0,0
28,EURE-ET-LOIR,2,N,57600,46613,45466,1147,0,0,0,22843,0,22623,0,0,0,0,0,0
28,EURE-ET-LOIR,3,N,57018,46760,44512,2248,19289,0,0,0,0,25223,0,0,0,0,0,0
29,FINISTERE,1,N,63198,52811,50643,2168,22039,0,0,0,0,28604,0,0,0,0,0,0
29,FINISTERE,2,N,85454,66320,65973,347,12053,0,0,0,0,24227,0,0,0,0,29693,0
29,FINISTERE,3,O,,,,,,,,,,,,,,,,
29,FINISTERE,4,N,55583,47254,46547,707,0,0,23298,0,0,23249,0,0,0,0,0,0
29,FINISTERE,5,N,56392,46912,45947,965,0,0,0,0,0,23624,0,0,0,0,22323,0
29,FINISTERE,6,N,57100,45114,43362,1752,16846,0,0,0,0,26516,0,0,0,0,0,0
29,FINISTERE,7,N,51128,39760,38237,1523,13735,0,0,0,0,24502,0,0,0,0,0,0
29,FINISTERE,8,N,60298,47124,46207,917,20659,0,0,0,0,0,0,0,0,0,25548,0
30,GARD,1,N,72842,56087,54247,1840,0,0,0,31125,0,23122,0,0,0,0,0,0
30,GARD,2,N,89919,75604,72446,3158,35080,0,0,16,0,0,0,0,0,0,37350,0
30,GARD,3,N,67331,57923,55568,2355,32390,0,0,0,0,23178,0,0,0,0,0,0
30,GARD,4,N,47556,38697,36559,2138,22356,0,0,132,0,14071,0,0,0,0,0,0
31,HAUTE-GARONNE,1,N,58212,45380,44064,1316,0,0,0,25480,0,18584,0,0,0,0,0,0
31,HAUTE-GARONNE,2,N,67912,52995,51260,1735,0,0,0,25710,0,0,0,0,0,0,25550,0
31,HAUTE-GARONNE,3,N,73960,58235,56653,1582,0,0,0,31377,0,25276,0,0,0,0,0,0
31,HAUTE-GARONNE,4,N,71004,56448,54828,1620,0,0,0,35412,0,19416,0,0,0,0,0,0
31,HAUTE-GARONNE,5,N,63451,53659,52243,1416,0,0,0,23597,0,0,0,0,0,28646,0,0
31,HAUTE-GARONNE,6,N,56778,44082,41281,2801,0,0,0,21671,19610,0,0,0,0,0,0,0
32,GERS,1,N,60063,48617,47148,1469,0,0,0,24197,0,0,0,0,0,0,22951,0
32,GERS,2,N,54850,44546,43804,742,0,0,0,19346,0,0,0,0,0,0,24458,0
33,GIRONDE,1,N,77982,59641,57829,1812,0,0,0,28131,0,29698,0,0,0,0,0,0
33,GIRONDE,2,N,42255,31250,30449,801,0,0,0,13729,0,16720,0,0,0,0,0,0
33,GIRONDE,3,N,54020,41363,40517,846,0,0,0,22024,0,18493,0,0,0,0,0,0
33,GIRONDE,4,N,57501,44376,43375,1001,0,0,0,29244,0,14131,0,0,0,0,0,0
33,GIRONDE,5,N,55590,44869,43152,1717,0,0,0,0,0,0,0,18590,0,0,24562,0
33,GIRONDE,6,N,72657,57915,56858,1057,0,0,0,33094,0,23764,0,0,0,0,0,0
33,GIRONDE,7,N,66271,52615,51906,709,7287,0,0,5133,0,16963,0,0,0,0,22523,0
33,GIRONDE,8,N,59297,48836,47365,1471,0,0,0,28789,0,18576,0,0,0,0,0,0
33,GIRONDE,9,N,55062,43886,42857,1029,0,0,0,20917,0,21940,0,0,0,0,0,0
33,GIRONDE,10,N,47166,36316,34922,1394,0,0,0,18352,0,15253,0,0,0,0,1317,0
34,HERAULT,1,N,78592,60193,58251,1942,0,0,0,35980,0,0,0,22271,0,0,0,0
34,HERAULT,2,N,71491,57376,55520,1856,0,0,0,31438,0,50,0,0,0,0,24032,0
34,HERAULT,3,N,63563,50103,47458,2645,27396,0,0,0,0,20062,0,0,0,0,0,0
34,HERAULT,4,N,66544,53078,50425,2653,28567,0,0,0,0,21858,0,0,0,0,0,0
34,HERAULT,5,N,49938,38769,37763,1006,0,0,0,28741,0,0,0,9022,0,0,0,0
35,ILLE-ET-VILAINE,1,N,76707,56676,55721,955,0,0,16516,0,0,15975,0,0,0,0,23230,0
35,ILLE-ET-VILAINE,2,N,87768,67558,65867,1691,0,0,0,26063,0,39804,0,0,0,0,0,0
35,ILLE-ET-VILAINE,3,N,44793,37769,37038,731,0,0,0,5298,0,15487,0,0,0,0,16253,0
35,ILLE-ET-VILAINE,4,O,,,,,,,,,,,,,,,,
35,ILLE-ET-VILAINE,5,N,48397,39698,37298,2400,0,0,0,0,0,18966,0,0,0,0,18332,0
35,ILLE-ET-VILAINE,6,O,,,,,,,,,,,,,,,,
36,INDRE,1,N,52144,42879,41432,1447,0,0,0,20707,0,20725,0,0,0,0,0,0
36,INDRE,2,N,55379,44193,43048,1145,21601,0,0,3447,0,18000,0,0,0,0,0,0
36,INDRE,3,N,52989,42727,40897,1830,18581,0,0,0,0,0,0,0,0,0,22316,0
37,INDRE-ET-LOIRE,1,O,,,,,,,,,,,,,,,,
37,INDRE-ET-LOIRE,2,N,56427,43073,41327,1746,0,0,0,19645,0,21682,0,0,0,0,0,0
37,INDRE-ET-LOIRE,3,N,58318,47634,46402,1232,0,0,0,26290,0,20112,0,0,0,0,0,0
37,INDRE-ET-LOIRE,4,N,63617,49263,47610,1653,0,0,0,20730,0,26880,0,0,0,0,0,0
38,ISERE,1,O,,,,,,,,,,,,,,,,
38,ISERE,2,N,83896,64804,63036,1768,0,0,34157,0,0,28879,0,0,0,0,0,0
38,ISERE,3,N,58532,45135,43688,1447,23788,0,0,0,0,19900,0,0,0,0,0,0
38,ISERE,4,N,54878,42262,41310,952,0,0,0,21193,0,20117,0,0,0,0,0,0
38,ISERE,5,N,63793,51449,50341,1108,0,0,0,28077,0,22264,0,0,0,0,0,0
38,ISERE,6,N,53697,42966,41438,1528,20809,0,0,0,0,0,0,20629,0,0,0,0
38,ISERE,7,N,67986,52945,52167,778,0,0,0,25735,0,0,0,26432,0,0,0,0
39,JURA,1,N,71277,56700,55802,898,13259,0,0,0,0,24953,0,0,0,0,17590,0
39,JURA,2,N,71357,57917,57200,717,10776,0,0,0,29509,16915,0,0,0,0,0,0
40,LANDES,1,N,57094,47616,46639,977,0,0,0,23905,0,22734,0,0,0,0,0,0
40,LANDES,2,N,66461,56602,55356,1246,0,0,0,30602,0,24754,0,0,0,0,0,0
40,LANDES,3,N,53909,45014,44063,951,0,0,0,17912,0,0,0,0,0,0,26151,0
41,LOIR-ET-CHER,1,N,60167,48377,46260,2117,16058,0,0,0,0,0,0,0,0,0,30202,0
41,LOIR-ET-CHER,2,N,53853,43733,42670,1063,0,0,0,24946,0,17724,0,0,0,0,0,0
41,LOIR-ET-CHER,3,N,49223,39900,38402,1498,0,0,0,22920,0,0,0,0,0,0,15482,0
42,LOIRE,1,N,55359,41447,40340,1107,16392,0,0,0,23948,0,0,0,0,0,0,0
42,LOIRE,2,N,71160,54064,52433,1631,0,0,0,24675,0,27758,0,0,0,0,0,0
42,LOIRE,3,N,62649,49350,47553,1797,16201,0,0,0,0,0,0,0,0,0,31352,0
42,LOIRE,4,N,53460,43342,42017,1325,19816,0,0,0,0,0,0,0,0,0,22201,0
42,LOIRE,5,N,60650,47477,46669,808,16633,0,0,0,0,19455,0,0,0,0,10581,0
42,LOIRE,6,N,46986,37493,36829,664,0,0,0,14714,0,16668,0,0,0,0,5447,0
42,LOIRE,7,N,63070,50305,49582,723,0,0,0,16092,0,0,0,14109,0,0,19381,0
43,HAUTE-LOIRE,1,N,69968,56078,55412,666,0,0,0,12397,0,0,0,19045,0,0,23970,0
43,HAUTE-LOIRE,2,N,67454,53605,53073,532,0,0,0,21848,0,18766,0,0,0,0,12459,0
44,LOIRE-ATLANTIQUE,1,N,83448,64437,62554,1883,0,0,0,29582,0,32972,0,0,0,0,0,0
44,LOIRE-ATLANTIQUE,2,N,61222,47369,46075,1294,0,0,0,23752,0,22323,0,0,0,0,0,0
44,LOIRE-ATLANTIQUE,3,N,59233,47584,46773,811,0,0,0,23021,0,23752,0,0,0,0,0,0
44,LOIRE-ATLANTIQUE,4,N,65123,52813,50123,2690,0,0,0,0,0,0,0,29360,0,0,20763,0
44,LOIRE-ATLANTIQUE,5,O,,,,,,,,,,,,,,,,
44,LOIRE-ATLANTIQUE,6,N,69491,55393,54095,1298,0,0,0,30146,0,23949,0,0,0,0,0,0
44,LOIRE-ATLANTIQUE,7,N,49597,39837,38609,1228,0,0,0,0,0,20515,0,0,0,0,18094,0
44,LOIRE-ATLANTIQUE,8,O,,,,,,,,,,,,,,,,
45,LOIRET,1,N,62030,48999,47171,1828,0,0,0,20944,0,26227,0,0,0,0,0,0
45,LOIRET,2,N,64143,51218,47842,3376,20076,0,0,0,0,27766,0,0,0,0,0,0
45,LOIRET,3,N,58246,46276,44418,1858,0,0,0,17026,0,27392,0,0,0,0,0,0
45,LOIRET,4,N,61707,47968,45971,1997,18183,0,0,0,0,0,0,27788,0,0,0,0
46,LOT,1,N,51337,43931,43049,882,0,0,0,3541,20834,18674,0,0,0,0,0,0
46,LOT,2,N,49499,41694,39805,1889,18095,0,0,0,95,21615,0,0,0,0,0,0
47,LOT-ET-GARONNE,1,N,66002,54532,53556,976,0,0,0,24784,0,12512,0,0,0,0,16260,0
47,LOT-ET-GARONNE,2,N,53930,45943,44524,1419,22701,0,0,0,0,0,0,0,0,0,21823,0
47,LOT-ET-GARONNE,3,N,55882,48028,47081,947,0,0,0,27998,0,19083,0,0,0,0,0,0
48,LOZERE,1,O,,,,,,,,,,,,,,,,
48,LOZERE,2,O,,,,,,,,,,,,,,,,
49,MAINE-ET-LOIRE,1,N,49918,36801,36131,670,8505,0,0,0,0,14839,0,0,0,0,12787,0
49,MAINE-ET-LOIRE,2,O,,,,,,,,,,,,,,,,
49,MAINE-ET-LOIRE,3,O,,,,,,,,,,,,,,,,
49,MAINE-ET-LOIRE,4,O,,,,,,,,,,,,,,,,
49,MAINE-ET-LOIRE,5,O,,,,,,,,,,,,,,,,
49,MAINE-ET-LOIRE,6,O,,,,,,,,,,,,,,,,
50,MANCHE,1,N,51497,35752,31721,4031,0,0,0,0,0,15314,16407,0,0,0,0,0
50,MANCHE,2,N,64888,50882,48520,2362,0,0,0,0,0,0,0,0,27485,21035,0,0
50,MANCHE,3,N,53287,37446,32384,5062,0,0,0,0,0,21281,11103,0,0,0,0,0
50,MANCHE,4,O,,,,,,,,,,,,,,,,
50,MANCHE,5,O,,,,,,,,,,,,,,,,
51,MARNE,1,N,64511,53339,47933,5406,19970,0,0,0,0,27963,0,0,0,0,0,0
51,MARNE,2,N,67555,52376,50226,2150,22377,0,0,0,0,27849,0,0,0,0,0,0
51,MARNE,3,N,66197,52419,51342,1077,18021,0,0,0,0,24482,0,0,0,0,8839,0
51,MARNE,4,N,62436,51307,50473,834,18180,0,0,0,0,16779,0,0,0,0,15514,0
52,HAUTE-MARNE,1,N,65431,53402,51712,1690,0,0,0,25672,0,0,0,26040,0,0,0,0
52,HAUTE-MARNE,2,N,55041,43794,41821,1973,17697,0,0,0,0,24124,0,0,0,0,0,0
53,MAYENNE,1,N,56751,45914,44744,1170,0,0,0,9960,0,19630,0,0,0,0,15154,0
53,MAYENNE,2,N,48458,38987,37779,1208,4770,0,0,0,0,13814,0,0,0,0,19195,0
53,MAYENNE,3,O,,,,,,,,,,,,,,,,
54,MEURTHE-ET-MOSELLE,1,N,65446,49846,46770,3076,20397,0,0,0,0,26373,0,0,0,0,0,0
54,MEURTHE-ET-MOSELLE,2,N,64072,48363,46614,1749,0,0,0,20919,0,25695,0,0,0,0,0,0
54,MEURTHE-ET-MOSELLE,3,O,,,,,,,,,,,,,,,,
54,MEURTHE-ET-MOSELLE,4,O,,,,,,,,,,,,,,,,
54,MEURTHE-ET-MOSELLE,5,N,39049,31602,30560,1042,0,0,0,14364,0,0,0,16196,0,0,0,0
54,MEURTHE-ET-MOSELLE,6,N,46567,41309,40548,761,20922,0,0,0,0,0,0,19626,0,0,0,0
54,MEURTHE-ET-MOSELLE,7,N,47571,41305,40578,727,20016,0,0,0,0,20562,0,0,0,0,0,0
55,MEUSE,1,N,66808,51887,47460,4427,18025,0,0,0,0,0,0,29435,0,0,0,0
55,MEUSE,2,O,,,,,,,,,,,,,,,,
56,MORBIHAN,1,O,,,,,,,,,,,,,,,,
56,MORBIHAN,2,O,,,,,,,,,,,,,,,,
56,MORBIHAN,3,O,,,,,,,,,,,,,,,,
56,MORBIHAN,4,O,,,,,,,,,,,,,,,,
56,MORBIHAN,5,N,65996,52971,52246,725,0,0,0,27328,0,24918,0,0,0,0,0,0
56,MORBIHAN,6,N,53981,42585,41989,596,15792,0,0,0,0,0,0,0,0,0,26197,0
57,MOSELLE,1,N,81293,63376,62108,1268,20209,0,0,0,0,0,0,31282,0,0,10617,0
57,MOSELLE,2,N,54371,41342,38721,2621,0,0,0,0,0,13245,0,0,0,0,25476,0
57,MOSELLE,3,N,65868,54454,52298,2156,29417,0,0,0,0,22881,0,0,0,0,0,0
57,MOSELLE,4,N,57520,45015,43593,1422,12102,0,0,0,0,0,0,20503,0,0,10988,0
57,MOSELLE,5,O,,,,,,,,,,,,,,,,
57,MOSELLE,6,N,55622,45101,44066,1035,9226,0,0,0,0,20254,0,0,0,14586,0,0
57,MOSELLE,7,O,,,,,,,,,,,,,,,,
57,MOSELLE,8,N,54245,46511,45558,953,0,0,0,0,0,20747,0,0,0,24811,0,0
58,NIEVRE,1,N,56398,47054,46244,810,0,0,0,29101,0,17143,0,0,0,0,0,0
58,NIEVRE,2,N,53350,43443,41803,1640,23204,0,0,0,0,0,0,18599,0,0,0,0
58,NIEVRE,3,O,,,,,,,,,,,,,,,,
59,NORD,1,N,45741,37469,34925,2544,11066,0,0,0,0,23859,0,0,0,0,0,0
59,NORD,2,N,53482,42927,41229,1698,0,0,0,19610,0,21619,0,0,0,0,0,0
59,NORD,3,N,44248,36164,34797,1367,0,0,0,14980,0,19817,0,0,0,0,0,0
59,NORD,4,N,41843,35142,34085,1057,0,0,0,17989,0,16096,0,0,0,0,0,0
59,NORD,5,N,57525,49725,48193,1532,0,0,0,27821,0,20372,0,0,0,0,0,0
59,NORD,6,N,54601,49038,47711,1327,0,0,0,26112,0,21599,0,0,0,0,0,0
59,NORD,7,N,77096,66621,64304,2317,0,0,0,31559,0,32745,0,0,0,0,0,0
59,NORD,8,N,63091,54075,52491,1584,0,0,0,27866,0,24625,0,0,0,0,0,0
59,NORD,9,O,,,,,,,,,,,,,,,,
59,NORD,10,O,,,,,,,,,,,,,,,,
59,NORD,11,N,87957,73889,72678,1211,0,0,0,45054,0,27624,0,0,0,0,0,0
59,NORD,12,N,40953,36609,34475,2134,0,0,0,15422,0,19053,0,0,0,0,0,0
59,NORD,13,N,46257,40942,39153,1789,0,0,0,15577,0,23576,0,0,0,0,0,0
59,NORD,14,N,69895,60435,58478,1957,33106,0,0,0,0,25372,0,0,0,0,0,0
59,NORD,15,N,58750,51310,49410,1900,28644,0,0,0,0,20766,0,0,0,0,0,0
59,NORD,16,N,58932,50445,48530,1915,0,0,0,32334,0,0,0,16196,0,0,0,0
59,NORD,17,N,45443,40508,39032,1476,19695,0,0,1319,0,18018,0,0,0,0,0,0
59,NORD,18,N,53885,46458,45239,1219,24427,0,0,0,0,20812,0,0,0,0,0,0
59,NORD,19,N,71431,60492,59462,1030,28192,0,0,16595,0,14675,0,0,0,0,0,0
59,NORD,20,N,71149,61636,59565,2071,38738,0,0,0,0,20827,0,0,0,0,0,0
59,NORD,21,N,38773,33966,33266,700,0,0,0,16874,0,16392,0,0,0,0,0,0
59,NORD,22,N,52045,42970,41703,1267,0,0,0,28613,0,13090,0,0,0,0,0,0
59,NORD,23,N,44819,40165,38929,1236,20505,0,0,0,0,18424,0,0,0,0,0,0
60,OISE,1,O,,,,,,,,,,,,,,,,
60,OISE,2,N,57530,48095,47296,799,16143,0,0,0,0,18692,0,0,0,0,12461,0
60,OISE,3,N,54052,45022,43602,1420,13524,0,0,21323,0,8755,0,0,0,0,0,0
60,OISE,4,N,73272,59894,57193,2701,27114,0,0,0,0,30079,0,0,0,0,0,0
60,OISE,5,O,,,,,,,,,,,,,,,,
61,ORNE,1,O,,,,,,,,,,,,,,,,
61,ORNE,2,N,51041,40009,39082,927,0,0,0,7537,0,15710,0,0,0,0,15835,0
61,ORNE,3,N,61480,48671,48006,665,0,0,0,7477,0,0,0,19077,0,0,21452,0
62,PAS-DE-CALAIS,1,N,61441,53687,51878,1809,0,0,0,29618,0,22260,0,0,0,0,0,0
62,PAS-DE-CALAIS,2,N,53027,47759,46675,1084,0,0,0,25247,0,21428,0,0,0,0,0,0
62,PAS-DE-CALAIS,3,N,52168,46796,45448,1348,23256,0,0,0,0,22192,0,0,0,0,0,0
62,PAS-DE-CALAIS,4,N,51830,44500,42830,1670,0,0,0,21037,0,21793,0,0,0,0,0,0
62,PAS-DE-CALAIS,5,N,51861,43958,42581,1377,0,0,0,25221,0,17360,0,0,0,0,0,0
62,PAS-DE-CALAIS,6,N,56779,49866,48896,970,0,0,0,24565,0,24331,0,0,0,0,0,0
62,PAS-DE-CALAIS,7,N,59646,48581,45882,2699,20417,0,0,0,0,25465,0,0,0,0,0,0
62,PAS-DE-CALAIS,8,N,59032,53609,52738,871,0,0,0,28723,0,24015,0,0,0,0,0,0
62,PAS-DE-CALAIS,9,N,55564,48478,46894,1584,25971,0,0,0,0,20923,0,0,0,0,0,0
62,PAS-DE-CALAIS,10,N,50574,42795,41151,1644,25124,0,0,0,0,16027,0,0,0,0,0,0
62,PAS-DE-CALAIS,11,N,53125,46402,44643,1759,26468,0,0,0,0,18175,0,0,0,0,0,0
62,PAS-DE-CALAIS,12,N,53645,44846,43752,1094,0,0,0,33919,0,9833,0,0,0,0,0,0
62,PAS-DE-CALAIS,13,N,45597,38167,37035,1132,0,0,0,26551,0,10484,0,0,0,0,0,0
62,PAS-DE-CALAIS,14,N,53776,45671,44743,928,0,0,0,33053,0,11690,0,0,0,0,0,0
63,PUY-DE-DOME,1,N,75720,58780,57478,1302,0,0,0,34899,0,22579,0,0,0,0,0,0
63,PUY-DE-DOME,2,O,,,,,,,,,,,,,,,,
63,PUY-DE-DOME,3,N,49377,38015,37422,593,0,0,0,23085,0,0,0,14337,0,0,0,0
63,PUY-DE-DOME,4,N,62741,48420,46995,1425,0,0,0,26760,0,0,0,20235,0,0,0,0
63,PUY-DE-DOME,5,N,64745,51644,50415,1229,23949,0,0,0,0,0,0,26466,0,0,0,0
64,PYRENEES-ATLANTIQUES,1,N,99139,80211,79615,596,0,0,0,28517,0,24484,0,0,0,0,26614,0
64,PYRENEES-ATLANTIQUES,2,N,75310,58911,56030,2881,0,0,0,35726,0,0,0,20304,0,0,0,0
64,PYRENEES-ATLANTIQUES,3,N,48114,39878,38918,960,0,0,0,0,0,21914,0,0,0,0,17004,0
64,PYRENEES-ATLANTIQUES,4,N,87937,70952,69997,955,9039,0,0,0,0,32383,0,0,0,0,28575,0
65,HAUTES-PYRENEES,1,N,68497,52089,51002,1087,0,0,0,33195,0,17807,0,0,0,0,0,0
65,HAUTES-PYRENEES,2,N,71527,57288,56075,1213,0,0,0,29800,0,26275,0,0,0,0,0,0
66,PYRENEES-ORIENTALES,1,N,86499,67914,66107,1807,23702,0,0,0,28771,13634,0,0,0,0,0,0
66,PYRENEES-ORIENTALES,2,N,76334,58633,55475,3158,33900,0,0,0,0,21575,0,0,0,0,0,0
67,BAS-RHIN,1,O,,,,,,,,,,,,,,,,
67,BAS-RHIN,2,O,,,,,,,,,,,,,,,,
67,BAS-RHIN,3,N,81206,54475,50990,3485,0,0,0,0,0,28672,0,0,0,0,22318,0
67,BAS-RHIN,4,O,,,,,,,,,,,,,,,,
67,BAS-RHIN,5,O,,,,,,,,,,,,,,,,
67,BAS-RHIN,6,O,,,,,,,,,,,,,,,,
67,BAS-RHIN,7,O,,,,,,,,,,,,,,,,
67,BAS-RHIN,8,O,,,,,,,,,,,,,,,,
68,HAUT-RHIN,1,O,,,,,,,,,,,,,,,,
68,HAUT-RHIN,2,O,,,,,,,,,,,,,,,,
68,HAUT-RHIN,3,N,69372,56546,53682,2864,0,0,0,0,0,31013,0,0,0,0,22669,0
68,HAUT-RHIN,4,N,76495,58106,56271,1835,0,0,0,26150,0,30121,0,0,0,0,0,0
68,HAUT-RHIN,5,N,65539,49596,46411,3185,0,0,0,0,0,27944,0,0,0,0,18467,0
69,RHONE,1,N,63431,47479,44561,2918,21695,0,0,0,0,22866,0,0,0,0,0,0
69,RHONE,2,N,56251,42271,41552,719,12436,0,0,3454,0,18240,0,0,0,0,7422,0
69,RHONE,3,N,49923,36653,35929,724,10388,0,0,0,0,16051,0,0,0,9490,0,0
69,RHONE,4,N,66884,49292,47639,1653,0,0,0,23620,0,24019,0,0,0,0,0,0
69,RHONE,5,N,51811,38666,38153,513,0,0,0,14076,0,15815,0,0,0,0,8262,0
69,RHONE,6,N,103339,79292,77990,1302,37654,0,0,20162,0,20174,0,0,0,0,0,0
69,RHONE,7,N,93057,72274,70771,1503,24187,0,0,0,0,34179,0,0,0,0,12405,0
69,RHONE,8,N,58240,47515,46401,1114,14782,0,0,0,0,20117,0,0,0,0,11502,0
69,RHONE,9,N,43134,34939,34410,529,0,0,0,14636,0,0,0,0,14278,0,5496,0
69,RHONE,10,N,47465,36667,35642,1025,0,0,0,21684,0,0,0,13958,0,0,0,0
69,RHONE,11,O,,,,,,,,,,,,,,,,
69,RHONE,12,O,,,,,,,,,,,,,,,,
69,RHONE,13,O,,,,,,,,,,,,,,,,
70,HAUTE-SAONE,1,N,64731,51752,50324,1428,0,0,0,23554,0,0,0,26770,0,0,0,0
70,HAUTE-SAONE,2,N,66860,58108,56759,1349,0,0,0,32589,0,24170,0,0,0,0,0,0
71,SAONE-ET-LOIRE,1,N,68628,51425,50456,969,0,0,0,26736,0,23720,0,0,0,0,0,0
71,SAONE-ET-LOIRE,2,N,70166,53015,52014,1001,0,0,0,37536,0,14478,0,0,0,0,0,0
71,SAONE-ET-LOIRE,3,N,61899,50180,49389,791,0,0,0,27764,0,21625,0,0,0,0,0,0
71,SAONE-ET-LOIRE,4,N,61815,49349,48651,698,0,0,0,23516,0,25135,0,0,0,0,0,0
71,SAONE-ET-LOIRE,5,N,68297,50491,49634,857,0,0,0,28014,0,0,0,21620,0,0,0,0
72,SARTHE,1,N,52886,42672,41897,775,12748,0,0,0,0,15411,0,0,0,0,13738,0
72,SARTHE,2,N,61325,48913,47454,1459,26646,0,0,0,0,20808,0,0,0,0,0,0
72,SARTHE,3,N,52370,40880,40228,652,0,0,0,20981,0,12687,0,0,0,0,6560,0
72,SARTHE,4,O,,,,,,,,,,,,,,,,
72,SARTHE,5,O,,,,,,,,,,,,,,,,
73,SAVOIE,1,N,58797,44604,43889,715,0,0,0,21480,0,0,0,22409,0,0,0,0
73,SAVOIE,2,N,45304,34022,32626,1396,14828,0,0,0,0,0,0,0,0,0,17798,0
73,SAVOIE,3,O,,,,,,,,,,,,,,,,
74,HAUTE-SAVOIE,1,N,85113,64593,63632,961,13188,0,0,0,0,0,0,23876,0,0,26568,0
74,HAUTE-SAVOIE,2,O,,,,,,,,,,,,,,,,
74,HAUTE-SAVOIE,3,N,70361,55986,55401,585,0,0,0,23039,0,25627,0,0,0,0,6735,0
75,PARIS,1,N,51937,37263,34972,2291,14576,0,0,0,0,20396,0,0,0,0,0,0
75,PARIS,2,N,52923,38857,37115,1742,17343,0,0,0,0,0,0,19772,0,0,0,0
75,PARIS,3,N,55781,38414,37659,755,13746,0,0,0,0,18457,0,0,0,0,5456,0
75,PARIS,4,N,45995,30811,27983,2828,0,0,0,0,0,17571,0,0,0,0,10412,0
75,PARIS,5,N,53414,41152,39289,1863,0,0,0,0,0,19505,0,0,0,0,19784,0
75,PARIS,6,N,37474,27446,26128,1318,0,0,0,0,0,14286,0,0,0,0,11842,0
75,PARIS,7,N,50616,37264,35998,1266,0,0,0,14717,0,21281,0,0,0,0,0,0
75,PARIS,8,N,65465,49861,47506,2355,21020,0,0,0,0,26486,0,0,0,0,0,0
75,PARIS,9,N,43331,33808,32508,1300,15370,0,0,0,0,17138,0,0,0,0,0,0
75,PARIS,10,N,57258,44712,43095,1617,22116,0,0,0,0,20979,0,0,0,0,0,0
75,PARIS,11,N,49965,38440,36164,2276,14884,0,0,0,0,21280,0,0,0,0,0,0
75,PARIS,12,N,44544,33788,32096,1692,14584,0,0,0,0,17512,0,0,0,0,0,0
75,PARIS,13,N,40311,31460,30573,887,0,16124,0,0,0,14449,0,0,0,0,0,0
75,PARIS,14,N,49206,38472,36859,1613,18574,0,0,0,0,18285,0,0,0,0,0,0
75,PARIS,15,N,53730,39922,37249,2673,15331,0,0,0,0,21918,0,0,0,0,0,0
75,PARIS,16,N,44223,34417,32958,1459,16031,0,0,0,0,16927,0,0,0,0,0,0
75,PARIS,17,N,54686,41114,38735,2379,15936,0,0,0,0,22799,0,0,0,0,0,0
75,PARIS,18,N,40504,31386,30379,1007,0,0,0,13924,0,16455,0,0,0,0,0,0
75,PARIS,19,N,48577,36548,34533,2015,15375,0,0,0,0,19158,0,0,0,0,0,0
75,PARIS,20,N,66462,44517,40735,3782,0,0,0,0,0,26163,0,0,0,0,14572,0
75,PARIS,21,N,55731,39057,37208,1849,0,0,0,0,0,20755,0,0,0,0,16453,0
75,PARIS,22,N,39138,29408,28061,1347,0,0,0,0,0,13742,0,0,0,0,14319,0
75,PARIS,23,N,44201,33317,32895,422,0,0,0,9108,0,17001,0,0,0,0,6786,0
75,PARIS,24,N,41690,31239,29816,1423,12560,0,0,0,0,17256,0,0,0,0,0,0
75,PARIS,25,N,52004,40500,39444,1056,0,0,0,19805,0,19639,0,0,0,0,0,0
75,PARIS,26,N,44044,33382,31824,1558,14515,0,0,0,0,17309,0,0,0,0,0,0
75,PARIS,27,N,42280,32635,31539,1096,16493,0,0,0,0,15046,0,0,0,0,0,0
75,PARIS,28,N,41217,32261,31182,1079,15263,0,0,0,0,15919,0,0,0,0,0,0
75,PARIS,29,N,39880,31307,30140,1167,15629,0,0,0,0,14511,0,0,0,0,0,0
75,PARIS,30,N,43545,33872,32616,1256,16749,0,0,0,0,15867,0,0,0,0,0,0
75,PARIS,31,N,63341,49439,47650,1789,24305,0,0,0,0,23345,0,0,0,0,0,0
76,SEINE-MARITIME,1,N,63293,47592,44533,3059,20138,0,0,0,0,24395,0,0,0,0,0,0
76,SEINE-MARITIME,2,N,68670,55173,53782,1391,0,0,0,37060,0,16722,0,0,0,0,0,0
76,SEINE-MARITIME,3,N,68339,54838,52462,2376,29648,0,0,0,0,22814,0,0,0,0,0,0
76,SEINE-MARITIME,4,N,65780,52561,49017,3544,26661,0,0,0,0,22356,0,0,0,0,0,0
76,SEINE-MARITIME,5,O,,,,,,,,,,,,,,,,
76,SEINE-MARITIME,6,N,82250,65761,63191,2570,27533,0,0,0,0,35658,0,0,0,0,0,0
76,SEINE-MARITIME,7,O,,,,,,,,,,,,,,,,
76,SEINE-MARITIME,8,N,50311,40445,39057,1388,0,0,0,17701,0,21356,0,0,0,0,0,0
76,SEINE-MARITIME,9,N,56621,47397,45149,2248,21968,0,0,72,0,23109,0,0,0,0,0,0
76,SEINE-MARITIME,10,N,47553,37508,36248,1260,0,0,0,16680,0,19568,0,0,0,0,0,0
77,SEINE-ET-MARNE,1,N,78426,62178,60884,1294,21544,0,0,0,0,30040,0,0,0,0,9300,0
77,SEINE-ET-MARNE,2,N,72760,58715,56305,2410,27757,0,0,0,0,28548,0,0,0,0,0,0
77,SEINE-ET-MARNE,3,N,62983,48934,46314,2620,18055,0,0,0,0,28259,0,0,0,0,0,0
77,SEINE-ET-MARNE,4,O,,,,,,,,,,,,,,,,
77,SEINE-ET-MARNE,5,N,59166,48505,47847,658,0,0,0,15582,0,17734,0,0,0,0,14531,0
78,YVELINES,1,N,56342,45072,43270,1802,21625,0,0,0,0,21645,0,0,0,0,0,0
78,YVELINES,2,N,64432,49607,45996,3611,17784,0,0,0,0,28212,0,0,0,0,0,0
78,YVELINES,3,N,74759,60070,58406,1664,0,0,0,31560,0,26846,0,0,0,0,0,0
78,YVELINES,4,N,42151,33017,30679,2338,13135,0,0,0,0,17544,0,0,0,0,0,0
78,YVELINES,5,N,45349,34830,32372,2458,14423,0,0,0,0,0,0,17848,0,0,101,0
78,YVELINES,6,N,43411,33641,31759,1882,12875,0,0,0,0,18884,0,0,0,0,0,0
78,YVELINES,7,N,52969,45069,44299,770,18641,0,0,0,0,17028,0,0,0,0,8630,0
78,YVELINES,8,N,51331,41284,40370,914,0,0,0,26740,0,13630,0,0,0,0,0,0
79,DEUX-SEVRES,1,N,77856,61034,59580,1454,0,0,0,29645,0,0,0,0,29935,0,0,0
79,DEUX-SEVRES,2,N,65812,51653,50688,965,0,0,0,13561,0,11625,0,0,0,0,25502,0
79,DEUX-SEVRES,3,O,,,,,,,,,,,,,,,,
80,SOMME,1,N,74144,63927,61808,2119,32461,0,0,0,0,29347,0,0,0,0,0,0
80,SOMME,2,N,53125,46047,43550,2497,19835,0,0,0,0,23715,0,0,0,0,0,0
80,SOMME,3,N,56723,50738,49081,1657,26214,0,0,0,0,0,0,22867,0,0,0,0
80,SOMME,4,N,54480,46194,44616,1578,0,0,0,30059,0,14557,0,0,0,0,0,0
80,SOMME,5,N,59215,51223,49135,2088,20996,0,0,0,0,28139,0,0,0,0,0,0
81,TARN,1,N,73474,62379,59816,2563,0,0,0,33428,26388,0,0,0,0,0,0,0
81,TARN,2,N,69042,59693,57611,2082,0,0,0,28298,0,29313,0,0,0,0,0,0
81,TARN,3,N,65982,56696,54725,1971,0,0,0,31300,0,23425,0,0,0,0,0,0
82,TARN-ET-GARONNE,1,N,54357,46237,44875,1362,0,0,0,23912,0,20963,0,0,0,0,0,0
82,TARN-ET-GARONNE,2,N,57486,47508,46184,1324,0,0,0,27352,0,18832,0,0,0,0,0,0
83,VAR,1,N,71225,57456,55581,1875,0,0,0,35897,0,19684,0,0,0,0,0,0
83,VAR,2,N,78621,62586,60666,1920,0,0,0,31705,0,28961,0,0,0,0,0,0
83,VAR,3,N,74169,57097,56146,951,18840,0,0,0,0,23441,0,0,0,0,0,13865
83,VAR,4,N,94233,73179,69221,3958,35577,0,0,0,0,33644,0,0,0,0,0,0
84,VAUCLUSE,1,N,74348,60156,57511,2645,0,0,0,38052,0,19459,0,0,0,0,0,0
84,VAUCLUSE,2,N,61616,51664,49874,1790,0,0,0,28345,0,21529,0,0,0,0,0,0
84,VAUCLUSE,3,N,61144,51477,48683,2794,24696,0,0,0,0,23987,0,0,0,0,0,0
85,VENDEE,1,N,59718,49315,46321,2994,0,0,0,0,0,0,0,24903,0,0,21418,0
85,VENDEE,2,N,61964,50022,48328,1694,0,0,0,20873,0,27455,0,0,0,0,0,0
85,VENDEE,3,N,70170,55803,53224,2579,0,0,0,0,0,20447,0,0,0,20146,12631,0
85,VENDEE,4,O,,,,,,,,,,,,,,,,
86,VIENNE,1,N,75039,58565,56256,2309,0,0,0,24738,0,31518,0,0,0,0,0,0
86,VIENNE,2,N,62996,47978,47072,906,14473,0,0,0,0,7838,0,0,0,0,24761,0
86,VIENNE,3,O,,,,,,,,,,,,,,,,
87,HAUTE-VIENNE,1,N,79698,63626,61234,2392,0,0,0,39144,0,22090,0,0,0,0,0,0
87,HAUTE-VIENNE,2,N,64949,52943,50834,2109,30186,0,0,0,0,20648,0,0,0,0,0,0
87,HAUTE-VIENNE,3,N,82248,65649,63442,2207,0,0,0,40337,0,23105,0,0,0,0,0,0
88,VOSGES,1,N,68886,55938,54200,1738,0,0,0,26086,0,28114,0,0,0,0,0,0
88,VOSGES,2,N,52200,41724,40772,952,0,0,19845,0,0,20927,0,0,0,0,0,0
88,VOSGES,3,O,,,,,,,,,,,,,,,,
88,VOSGES,4,O,,,,,,,,,,,,,,,,
89,YONNE,1,N,53879,42227,41059,1168,0,0,0,22181,0,0,0,18878,0,0,0,0
89,YONNE,2,O,,,,,,,,,,,,,,,,
89,YONNE,3,N,65476,51964,49136,2828,22853,0,0,0,0,26283,0,0,0,0,0,0
90,TERRITOIRE DE BELFORT,1,N,37044,30032,29161,871,0,0,0,15239,0,13922,0,0,0,0,0,0
90,TERRITOIRE DE BELFORT,2,N,26969,21726,21296,430,0,0,0,10238,0,11058,0,0,0,0,0,0
91,ESSONNE,1,N,75437,64343,62277,2066,32661,0,0,0,0,29616,0,0,0,0,0,0
91,ESSONNE,2,N,78321,65660,62693,2967,30444,0,0,0,0,32249,0,0,0,0,0,0
91,ESSONNE,3,N,113926,92672,88136,4536,47119,0,0,0,0,41017,0,0,0,0,0,0
91,ESSONNE,4,N,59643,48931,46604,2327,23903,0,0,0,0,22701,0,0,0,0,0,0
92,HAUTS-DE-SEINE,1,O,,,,,,,,,,,,,,,,
92,HAUTS-DE-SEINE,2,N,47728,36861,34950,1911,15405,0,0,0,0,19545,0,0,0,0,0,0
92,HAUTS-DE-SEINE,3,N,64885,52208,50440,1768,24323,0,0,0,0,26117,0,0,0,0,0,0
92,HAUTS-DE-SEINE,4,N,67412,54888,53073,1815,28556,0,0,0,0,24517,0,0,0,0,0,0
92,HAUTS-DE-SEINE,5,N,52057,41234,39406,1828,18205,0,0,0,0,0,0,21201,0,0,0,0
92,HAUTS-DE-SEINE,6,N,63823,48459,47177,1282,14442,0,0,0,0,24979,0,0,0,0,7756,0
92,HAUTS-DE-SEINE,7,N,59567,46530,44723,1807,26372,0,0,0,0,18351,0,0,0,0,0,0
92,HAUTS-DE-SEINE,8,N,54734,41725,39173,2552,16959,0,0,0,0,22214,0,0,0,0,0,0
92,HAUTS-DE-SEINE,9,N,55977,43164,40504,2660,17969,0,0,0,0,22535,0,0,0,0,0,0
92,HAUTS-DE-SEINE,10,N,63454,49539,48633,906,19552,0,0,0,0,22962,0,0,0,0,6119,0
92,HAUTS-DE-SEINE,11,N,67524,54441,52015,2426,27754,0,0,0,0,24261,0,0,0,0,0,0
92,HAUTS-DE-SEINE,12,N,92747,75800,72191,3609,37360,0,0,0,0,34831,0,0,0,0,0,0
92,HAUTS-DE-SEINE,13,N,88775,70226,66550,3676,33145,0,0,0,0,33405,0,0,0,0,0,0
93,SEINE-SAINT-DENIS,1,N,64547,51324,49424,1900,30003,0,0,0,0,19421,0,0,0,0,0,0
93,SEINE-SAINT-DENIS,2,O,,,,,,,,,,,,,,,,
93,SEINE-SAINT-DENIS,3,O,,,,,,,,,,,,,,,,
93,SEINE-SAINT-DENIS,4,O,,,,,,,,,,,,,,,,
93,SEINE-SAINT-DENIS,5,N,84472,69238,66495,2743,34651,0,0,0,0,31844,0,0,0,0,0,0
93,SEINE-SAINT-DENIS,6,N,65107,50144,48318,1826,28828,0,0,0,0,19490,0,0,0,0,0,0
93,SEINE-SAINT-DENIS,7,N,70142,53971,51749,2222,29403,0,0,0,0,22346,0,0,0,0,0,0
93,SEINE-SAINT-DENIS,8,N,74673,60985,59020,1965,33205,0,0,0,0,0,0,25815,0,0,0,0
93,SEINE-SAINT-DENIS,9,N,93098,75192,72175,3017,34880,0,0,0,0,37295,0,0,0,0,0,0
94,VAL-DE-MARNE,1,N,72889,58098,55931,2167,33769,0,0,0,0,22162,0,0,0,0,0,0
94,VAL-DE-MARNE,2,N,76999,61485,58863,2622,33271,0,0,0,0,25592,0,0,0,0,0,0
94,VAL-DE-MARNE,3,O,,,,,,,,,,,,,,,,
94,VAL-DE-MARNE,4,N,70601,56744,54608,2136,26742,0,0,0,0,0,0,27866,0,0,0,0
94,VAL-DE-MARNE,5,N,80238,62492,58960,3532,25016,0,0,0,0,33944,0,0,0,0,0,0
94,VAL-DE-MARNE,6,N,72266,58708,56291,2417,24479,0,0,0,0,31812,0,0,0,0,0,0
94,VAL-DE-MARNE,7,N,69598,54866,51507,3359,21100,0,0,0,0,30407,0,0,0,0,0,0
94,VAL-DE-MARNE,8,N,78070,63419,60524,2895,30074,0,0,0,0,30450,0,0,0,0,0,0
95,VAL-D'OISE,1,N,65609,53535,51098,2437,23524,0,0,0,0,27574,0,0,0,0,0,0
95,VAL-D'OISE,2,N,52282,42030,40262,1768,19825,0,0,0,0,20437,0,0,0,0,0,0
95,VAL-D'OISE,3,O,,,,,,,,,,,,,,,,
95,VAL-D'OISE,4,N,80968,65758,63743,2015,22,0,0,31740,0,31981,0,0,0,0,0,0
95,VAL-D'OISE,5,N,90451,73762,70730,3032,37489,0,0,0,0,33241,0,0,0,0,0,0
