Code département,Département,Code commune,Commune,Inscrits,Votants,Exprimés,Extrême gauche,Parti communiste,Parti socialiste,Divers gauche,Radicaux de gauche,Les Verts,Génération Ecologie,Union pour la Démocratie Française,Rassemblement pour la République,Divers droite,Front National,Extrême droite,Régionaliste,Divers
1,AIN,4,AMBERIEU-EN-BUGEY,6642,4120,3874,443,0,685,0,0,581,0,0,1576,0,589,0,0,0
1,AIN,33,BELLEGARDE-SUR-VALSERINE,5945,3567,3402,372,0,606,0,0,0,292,1527,0,0,495,0,0,110
1,AIN,53,BOURG-EN-BRESSE,21970,14220,13516,654,436,0,0,2976,1598,0,0,5939,0,1527,0,0,386
1,AIN,283,OYONNAX,10805,6884,6632,623,0,707,0,0,620,0,0,3416,0,1266,0,0,0
2,AISNE,168,CHATEAU-THIERRY,9303,6055,5821,550,226,1359,0,0,0,331,2501,0,84,624,0,0,146
2,AISNE,173,CHAUNY,8297,5266,4936,484,199,1050,0,0,339,0,1489,0,296,872,0,0,207
2,AISNE,381,HIRSON,7350,4941,4712,532,0,1758,0,0,207,0,0,1673,80,355,0,0,107
2,AISNE,408,LAON,16368,11021,10527,581,248,2990,0,0,666,0,0,4441,142,1071,0,0,388
2,AISNE,691,SAINT-QUENTIN,37279,25369,24096,5213,799,2041,874,0,0,1171,8892,0,1372,2678,0,0,1056
2,AISNE,722,SOISSONS,17389,10984,10531,769,264,2886,0,0,627,0,3753,0,346,1520,0,0,366
2,AISNE,738,TERGNIER,10622,7168,6703,1173,200,2367,0,0,361,0,1283,0,170,846,0,0,303
3,ALLIER,95,CUSSET,10081,6803,6329,1561,0,0,1108,65,367,0,2010,0,219,791,0,0,208
3,ALLIER,185,MONTLUCON,30449,20400,19307,6368,296,2443,0,0,0,1280,6515,0,0,1506,0,0,899
3,ALLIER,190,MOULINS,14600,9308,8842,1299,0,1721,0,0,0,679,1324,2751,0,822,0,0,246
3,ALLIER,310,VICHY,18831,12307,11750,846,0,0,1659,118,592,0,5530,0,914,1774,0,0,317
3,ALLIER,321,YZEURE,9603,6646,6248,998,0,1666,0,0,0,500,904,1551,0,460,0,0,169
4,ALPES-DE-HAUTE-PROVENCE,70,DIGNE-LES-BAINS,10763,7474,6975,589,0,1647,0,0,1016,0,0,2778,0,767,0,0,178
4,ALPES-DE-HAUTE-PROVENCE,112,MANOSQUE,13122,9087,8553,819,0,839,0,1212,0,734,0,3085,0,1559,0,0,305
5,HAUTES-ALPES,23,BRIANCON,6774,4461,4183,388,0,412,0,0,391,318,0,2151,0,404,0,0,119
5,HAUTES-ALPES,61,GAP,23226,15748,14880,863,25,3889,0,0,1214,0,3355,3475,0,1500,0,0,559
6,ALPES-MARITIMES,4,ANTIBES,46498,30876,29745,1454,0,2289,0,1839,2116,0,13229,0,0,7425,0,0,1393
6,ALPES-MARITIMES,12,BEAUSOLEIL,9196,5292,5091,598,30,521,0,0,0,432,707,1616,0,1020,0,0,167
6,ALPES-MARITIMES,27,CAGNES-SUR-MER,27366,18384,17731,1098,0,0,0,2109,1285,0,0,7893,0,4137,398,0,811
6,ALPES-MARITIMES,29,CANNES,47696,33135,32314,1299,0,2128,0,0,0,1239,19976,0,137,6330,0,0,1205
6,ALPES-MARITIMES,30,LE CANNET,27055,17276,16708,829,0,1475,0,647,0,1510,0,7690,275,3850,0,0,432
6,ALPES-MARITIMES,33,CARROS,5894,3832,3658,845,0,0,0,401,223,0,0,1008,0,875,48,0,258
6,ALPES-MARITIMES,69,GRASSE,24527,15875,15230,1362,0,1373,0,263,0,1496,0,6326,1168,2788,0,0,454
6,ALPES-MARITIMES,79,MANDELIEU-LA-NAPOULE,11215,8536,8357,305,0,484,0,0,0,407,5200,0,114,1493,0,0,354
6,ALPES-MARITIMES,83,MENTON,19916,13969,13568,693,114,1493,0,0,0,757,3501,3872,0,2820,0,0,318
6,ALPES-MARITIMES,85,MOUGINS,9320,6346,6126,231,0,471,0,122,0,562,0,3219,101,1265,0,0,155
6,ALPES-MARITIMES,88,NICE,232267,146186,141530,11532,549,15303,4432,492,5765,2242,25346,24481,5502,39946,305,192,5443
6,ALPES-MARITIMES,104,ROQUEBRUNE-CAP-MARTIN,9039,5682,5513,237,45,645,0,0,0,389,1128,1699,0,1185,0,0,185
6,ALPES-MARITIMES,123,SAINT-LAURENT-DU-VAR,16613,11287,10824,773,0,0,0,1109,708,0,0,4705,0,2682,122,0,725
6,ALPES-MARITIMES,149,LA TRINITE,6672,4518,4345,1346,0,380,0,30,174,0,485,667,0,1103,4,13,143
6,ALPES-MARITIMES,152,VALBONNE,4793,3235,2997,117,0,637,0,128,369,0,1078,0,0,589,0,0,79
6,ALPES-MARITIMES,155,VALLAURIS,15229,10105,9674,757,0,863,0,366,735,0,3725,0,0,2855,0,0,373
6,ALPES-MARITIMES,157,VENCE,10535,6840,6589,531,0,0,0,962,566,0,0,2915,0,1217,71,0,327
6,ALPES-MARITIMES,161,VILLENEUVE-LOUBET,7403,5051,4874,260,0,0,0,621,429,0,0,2239,0,1077,35,0,213
7,ARDECHE,10,ANNONAY,12126,7713,7325,981,0,1017,0,0,639,0,1581,2047,53,814,0,0,193
7,ARDECHE,19,AUBENAS,7306,5070,4868,389,134,827,0,17,0,320,1053,1299,194,635,0,0,0
7,ARDECHE,102,GUILHERAND-GRANGES,7568,5374,5130,267,0,934,0,0,585,0,159,2413,34,598,0,0,140
7,ARDECHE,186,PRIVAS,5990,4027,3827,303,0,635,0,0,0,331,2037,0,50,374,0,0,97
7,ARDECHE,324,TOURNON-SUR-RHONE,6504,4403,4215,366,0,749,0,0,479,0,795,1225,34,487,0,0,80
8,ARDENNES,105,CHARLEVILLE-MEZIERES,31048,19551,18695,1853,379,4962,0,0,634,836,5746,0,332,2843,0,0,1110
8,ARDENNES,363,REVIN,5190,3605,3478,393,47,1218,0,0,136,0,710,0,52,401,0,0,521
8,ARDENNES,409,SEDAN,11621,7457,7170,470,145,1967,0,0,0,324,0,723,2625,744,0,0,172
9,ARIEGE,122,FOIX,6255,4487,4175,383,0,1658,0,0,412,0,0,0,1293,262,0,0,167
9,ARIEGE,225,PAMIERS,8952,6161,5820,791,0,1549,0,0,0,369,0,0,2248,687,0,0,176
10,AUBE,81,LA CHAPELLE-SAINT-LUC,6952,4302,4112,385,164,815,0,0,0,210,694,715,0,774,156,0,199
10,AUBE,323,ROMILLY-SUR-SEINE,9917,6334,6072,1799,75,1132,0,0,0,206,541,1366,0,692,92,0,169
10,AUBE,333,SAINT-ANDRE-LES-VERGERS,7637,5136,4898,303,0,1011,0,0,318,0,0,1136,1313,651,0,0,166
10,AUBE,362,SAINTE-SAVINE,6969,4838,4670,278,74,789,0,0,0,231,1877,669,0,506,103,0,143
10,AUBE,387,TROYES,30960,20126,19283,1557,137,3587,0,0,425,833,2693,4352,1866,2786,333,0,714
11,AUDE,69,CARCASSONNE,28583,19283,18058,2500,0,3820,0,0,1352,0,6335,0,645,2602,0,0,804
11,AUDE,76,CASTELNAUDARY,7570,5624,5305,333,0,1330,0,61,0,248,0,2618,0,495,0,0,220
11,AUDE,206,LIMOUX,6741,4842,4542,462,0,1676,0,43,0,242,0,1458,0,481,0,0,180
11,AUDE,262,NARBONNE,30743,21457,20347,2112,0,3901,0,550,1470,0,0,8331,295,3089,0,0,599
12,AVEYRON,145,MILLAU,16143,11396,10563,978,0,0,0,2084,835,0,0,5484,0,833,0,0,349
12,AVEYRON,176,ONET-LE-CHATEAU,6329,4829,4584,365,0,713,0,0,314,0,819,0,2001,212,0,0,160
12,AVEYRON,202,RODEZ,14843,10333,9747,447,0,1819,0,0,710,0,3589,0,2306,532,0,0,344
12,AVEYRON,300,VILLEFRANCHE-DE-ROUERGUE,8638,5944,5513,257,0,0,1630,0,0,423,0,0,3020,0,0,0,183
13,BOUCHES-DU-RHONE,1,AIX-EN-PROVENCE,74159,49711,47816,2742,240,5800,3681,447,4717,0,12184,7286,216,8746,0,300,1457
13,BOUCHES-DU-RHONE,2,ALLAUCH,13469,9357,8915,858,135,0,2902,76,0,508,0,2326,130,1758,0,0,222
13,BOUCHES-DU-RHONE,4,ARLES,33003,22325,21350,3925,0,5011,0,0,1474,0,0,0,6452,3199,0,0,1289
13,BOUCHES-DU-RHONE,5,AUBAGNE,26423,18086,17454,7287,0,488,501,0,987,0,4155,0,140,3268,0,0,628
13,BOUCHES-DU-RHONE,14,BERRE-L'ETANG,6950,4695,4382,880,138,837,0,0,0,320,0,607,157,1443,0,0,0
13,BOUCHES-DU-RHONE,15,BOUC-BEL-AIR,7994,5934,5680,600,146,0,1324,71,0,378,0,1956,70,1037,0,0,98
13,BOUCHES-DU-RHONE,26,CHATEAUNEUF-LES-MARTIGUES,7569,5878,5618,440,139,2504,0,0,0,338,0,758,344,1095,0,0,0
13,BOUCHES-DU-RHONE,27,CHATEAURENARD,7709,5850,5613,575,0,612,0,0,436,0,0,2636,0,1166,0,0,188
13,BOUCHES-DU-RHONE,28,LA CIOTAT,23249,16239,15728,5046,0,343,558,0,789,0,4850,0,1235,2377,0,0,530
13,BOUCHES-DU-RHONE,39,FOS-SUR-MER,8005,5535,5244,878,160,875,0,0,463,0,1605,0,108,920,0,0,235
13,BOUCHES-DU-RHONE,41,GARDANNE,11628,8393,8157,3152,89,0,1719,40,0,240,0,1447,54,1280,0,0,136
13,BOUCHES-DU-RHONE,47,ISTRES,22914,16230,15389,1574,333,3184,0,0,1276,0,4692,0,1342,2283,0,0,705
13,BOUCHES-DU-RHONE,54,MARIGNANE,20329,13383,12925,919,396,1993,0,0,0,820,0,1832,3188,3777,0,0,0
13,BOUCHES-DU-RHONE,55,MARSEILLE,450287,263560,254354,32036,2412,40255,0,6060,4815,11617,55946,26818,4687,60971,98,0,8639
13,BOUCHES-DU-RHONE,56,MARTIGUES,27821,19817,19027,7079,419,1331,0,0,1455,0,4983,0,209,2843,0,0,708
13,BOUCHES-DU-RHONE,63,MIRAMAS,13499,9183,8634,1814,0,1225,0,0,933,0,0,0,2370,1729,0,0,563
13,BOUCHES-DU-RHONE,71,LES PENNES-MIRABEAU,14174,9248,8885,1395,127,0,2504,90,0,557,0,1796,105,2098,0,0,213
13,BOUCHES-DU-RHONE,75,PLAN-DE-CUQUES,7362,4836,4627,324,60,0,1450,32,0,219,0,1456,50,943,0,0,93
13,BOUCHES-DU-RHONE,77,PORT-DE-BOUC,10578,7018,6757,3050,147,313,0,0,311,0,1531,0,63,1037,0,0,305
13,BOUCHES-DU-RHONE,81,ROGNAC,7138,4891,4674,488,173,1005,0,0,0,513,0,836,329,1330,0,0,0
13,BOUCHES-DU-RHONE,97,SAINT-MARTIN-DE-CRAU,7325,5304,4984,535,0,1457,0,0,408,0,0,0,1426,766,0,0,392
13,BOUCHES-DU-RHONE,100,SAINT-REMY-DE-PROVENCE,6864,4595,4262,483,0,630,0,0,455,0,0,1840,0,695,0,0,159
13,BOUCHES-DU-RHONE,103,SALON-DE-PROVENCE,22584,15202,14315,866,0,0,2359,0,1346,0,4633,0,195,4300,0,0,616
13,BOUCHES-DU-RHONE,106,SEPTEMES-LES-VALLONS,6831,4635,4444,1374,65,0,1039,37,0,199,0,619,44,974,0,0,93
13,BOUCHES-DU-RHONE,108,TARASCON,8202,5767,5493,522,0,929,0,0,373,0,0,0,2357,997,0,0,315
13,BOUCHES-DU-RHONE,117,VITROLLES,18832,12850,12273,1216,496,1777,0,0,0,1504,0,2588,528,4164,0,0,0
14,CALVADOS,47,BAYEUX,9974,6371,6058,322,0,896,0,0,625,0,3385,0,0,422,0,0,408
14,CALVADOS,118,CAEN,66304,41626,39429,2129,1310,8237,0,0,1061,3125,12726,3697,888,3686,0,0,2570
14,CALVADOS,327,HEROUVILLE-SAINT-CLAIR,12588,7940,7447,667,316,2288,0,0,1056,0,0,1514,454,664,0,0,488
14,CALVADOS,366,LISIEUX,15027,10184,9561,462,0,2446,0,0,0,454,0,3462,1296,843,0,0,598
14,CALVADOS,437,MONDEVILLE,6748,4339,4028,421,206,1434,0,0,299,0,0,771,306,362,0,0,229
14,CALVADOS,762,VIRE,9269,6927,6676,220,0,3137,0,0,278,0,2618,0,0,278,0,0,145
15,CANTAL,14,AURILLAC,19829,14323,13792,742,0,3576,0,2394,383,335,3546,0,2327,489,0,0,0
16,CHARENTE,15,ANGOULEME,26606,16776,15886,1054,488,2843,0,0,992,278,5697,1661,828,1489,0,0,556
16,CHARENTE,102,COGNAC,12208,7659,7245,417,150,1189,0,0,0,548,0,3496,542,549,0,0,354
16,CHARENTE,374,SOYAUX,6274,4063,3793,391,186,645,0,0,0,216,412,830,583,377,0,0,153
17,CHARENTE-MARITIME,299,ROCHEFORT,15553,9525,8938,692,0,0,0,1553,708,0,4425,0,0,1114,0,0,446
17,CHARENTE-MARITIME,300,LA ROCHELLE,43960,28244,27216,2272,638,0,8536,0,892,1450,0,9371,1210,2193,0,0,654
17,CHARENTE-MARITIME,306,ROYAN,13275,8674,8246,467,0,368,0,906,328,288,2897,1285,288,1103,0,0,316
17,CHARENTE-MARITIME,415,SAINTES,18488,12048,11440,1330,0,3206,0,0,825,0,4693,0,0,941,0,0,445
18,CHER,33,BOURGES,47131,30624,29225,6560,654,1818,0,1415,1013,932,9064,3201,1298,3270,0,0,0
18,CHER,197,SAINT-AMAND-MONTROND,8428,5627,5325,554,138,0,0,1049,0,471,0,2096,485,532,0,0,0
18,CHER,205,SAINT-DOULCHARD,5982,4267,3993,814,175,292,0,65,0,259,1776,0,126,486,0,0,0
18,CHER,279,VIERZON,21115,13717,13146,4039,516,446,0,223,0,2090,3961,0,318,1553,0,0,0
19,CORREZE,31,BRIVE-LA-GAILLARDE,33410,24270,23148,2310,0,4011,0,4435,0,1208,0,8830,0,1651,0,0,703
19,CORREZE,272,TULLE,11129,8511,8118,1917,0,1793,0,0,225,0,0,3799,0,249,0,0,135
19,CORREZE,275,USSEL,7317,5809,5570,542,0,748,0,0,217,0,0,3744,0,207,0,0,112
2A,CORSE-DU-SUD,4,AJACCIO,25811,16977,16192,1600,0,671,0,0,0,0,4326,1309,2184,1294,0,4335,473
2A,CORSE-DU-SUD,247,PORTO-VECCHIO,5036,4093,4015,205,0,64,0,0,0,0,0,1643,1272,184,0,583,64
2B,HAUTE-CORSE,33,BASTIA,16779,11518,11138,961,0,0,3945,0,0,0,2625,0,996,431,0,1990,190
21,COTE-D'OR,54,BEAUNE,12364,8342,7978,317,0,1966,0,0,471,0,0,3651,83,1194,63,0,233
21,COTE-D'OR,166,CHENOVE,9879,5921,5666,335,153,2490,0,0,269,0,0,0,1364,881,0,0,174
21,COTE-D'OR,231,DIJON,75658,50266,47717,2293,1487,9671,0,0,2991,1843,0,19834,2563,5615,0,0,1420
21,COTE-D'OR,515,QUETIGNY,5165,3337,3158,170,109,1099,0,0,362,0,0,0,956,341,0,0,121
21,COTE-D'OR,617,TALANT,7859,5492,5137,192,213,950,0,0,587,0,0,2410,0,605,0,0,180
22,COTES-D'ARMOR,50,DINAN,7841,5586,5337,242,0,1768,0,0,0,492,2209,0,0,459,0,0,167
22,COTES-D'ARMOR,93,LAMBALLE,7432,5586,5401,301,0,1430,0,0,362,0,1859,1043,0,267,0,0,139
22,COTES-D'ARMOR,113,LANNION,12146,8211,7841,721,162,2336,0,0,0,790,2903,0,151,423,0,0,355
22,COTES-D'ARMOR,136,LOUDEAC,7137,5405,5168,193,0,1949,0,0,278,0,293,2107,0,229,0,0,119
22,COTES-D'ARMOR,187,PLERIN,9042,6277,5931,750,191,1139,0,36,698,0,0,2043,392,498,0,9,175
22,COTES-D'ARMOR,215,PLOUFRAGAN,7688,5565,5256,1569,169,720,0,25,454,0,0,1525,296,313,0,5,180
22,COTES-D'ARMOR,278,SAINT-BRIEUC,32598,21743,20895,2287,625,4623,0,108,2257,0,0,7676,1234,1481,0,28,576
23,CREUSE,96,GUERET,9602,6716,6373,467,180,2037,0,0,0,339,1812,1107,0,278,0,0,153
24,DORDOGNE,37,BERGERAC,19659,13907,13128,1029,189,1707,0,1137,836,0,3313,2310,0,1383,69,0,1155
24,DORDOGNE,322,PERIGUEUX,20952,14446,13576,1453,0,2535,0,335,0,990,0,6265,691,898,0,0,409
24,DORDOGNE,520,SARLAT-LA-CANEDA,6927,5371,5150,1286,0,821,0,94,0,326,0,2357,0,266,0,0,0
25,DOUBS,31,AUDINCOURT,8986,5589,5292,150,1621,717,0,12,0,0,0,1692,0,877,0,0,223
25,DOUBS,56,BESANCON,60556,40720,38595,1428,2602,9300,0,5,1514,1912,9057,6195,531,4645,0,0,1406
25,DOUBS,388,MONTBELIARD,16251,10767,10216,286,577,2319,0,0,0,960,1177,3268,0,1320,0,0,309
25,DOUBS,462,PONTARLIER,11312,7439,6744,313,400,1273,0,92,626,0,0,2877,0,926,0,0,237
25,DOUBS,580,VALENTIGNEY,7841,4860,4567,116,1177,765,0,4,0,0,0,1580,0,768,0,0,157
26,DROME,57,BOURG-DE-PEAGE,6242,3973,3770,232,0,704,0,33,418,0,1328,0,194,740,7,0,114
26,DROME,58,BOURG-LES-VALENCE,11934,7994,7578,508,147,1968,0,0,0,935,0,2778,89,991,83,0,79
26,DROME,198,MONTELIMAR,18512,13137,12410,757,0,3648,0,0,1573,0,4037,0,556,1839,0,0,0
26,DROME,235,PIERRELATTE,7638,5178,4885,341,0,790,0,0,415,0,2252,0,144,943,0,0,0
26,DROME,281,ROMANS-SUR-ISERE,19772,12521,11973,835,0,2756,0,108,1331,0,3987,0,335,2229,50,0,342
26,DROME,362,VALENCE,37956,24737,23701,1436,426,5155,0,0,0,2630,0,10037,352,3304,189,0,172
27,EURE,56,BERNAY,7219,4858,4601,275,0,673,0,619,0,326,2015,0,51,450,0,0,192
27,EURE,229,EVREUX,25403,16756,16056,1573,0,1313,1203,315,767,721,1599,4983,0,2645,79,0,858
27,EURE,284,GISORS,6359,4512,4362,1824,0,289,0,0,224,0,0,1262,0,592,0,0,171
27,EURE,375,LOUVIERS,10500,6766,6459,301,163,1747,0,45,409,0,2578,0,0,909,0,0,307
27,EURE,681,VERNON,13345,9384,9021,626,0,1369,0,0,758,0,0,4213,0,1706,0,0,349
27,EURE,701,VAL-DE-REUIL,5002,3106,2984,173,81,852,0,118,314,0,845,0,0,460,0,0,141
28,EURE-ET-LOIR,85,CHARTRES,22568,15442,14825,702,0,5277,0,443,928,73,281,4992,43,1707,61,0,318
28,EURE-ET-LOIR,88,CHATEAUDUN,9033,6164,5758,756,0,547,0,0,440,0,2188,0,917,687,0,0,223
28,EURE-ET-LOIR,134,DREUX,15813,9763,9425,472,269,0,0,1408,776,0,0,2445,79,3729,86,0,161
28,EURE-ET-LOIR,218,LUCE,11335,7213,6764,461,0,1751,0,319,0,485,2090,0,0,1381,80,0,197
28,EURE-ET-LOIR,229,MAINVILLIERS,6201,3976,3717,226,0,1091,0,175,0,274,1206,0,0,619,41,0,85
28,EURE-ET-LOIR,280,NOGENT-LE-ROTROU,8356,6138,5729,173,0,1545,0,166,0,341,2764,0,0,586,34,0,120
28,EURE-ET-LOIR,404,VERNOUILLET,6139,4112,3956,125,77,0,0,638,448,0,0,861,34,1591,96,0,86
29,FINISTERE,19,BREST,91554,58848,56434,2574,2867,14079,0,0,5076,0,6418,15152,3220,5089,0,0,1959
29,FINISTERE,39,CONCARNEAU,14626,9758,9343,570,1359,2136,0,0,834,0,0,0,3233,666,0,0,545
29,FINISTERE,46,DOUARNENEZ,13000,8262,7730,796,0,1573,0,0,0,749,3671,0,0,620,0,38,283
29,FINISTERE,75,GUIPAVAS,8490,6119,5797,321,0,1118,0,0,909,0,0,2962,0,487,0,0,0
29,FINISTERE,103,LANDERNEAU,10017,6714,6356,223,0,1625,0,0,1050,0,0,3066,0,392,0,0,0
29,FINISTERE,151,MORLAIX,10916,7487,7173,536,139,2385,0,0,0,554,2926,0,0,405,0,0,228
29,FINISTERE,189,PLOUGASTEL-DAOULAS,8509,5608,5288,181,0,1450,0,0,0,421,2676,0,0,393,0,2,165
29,FINISTERE,212,PLOUZANE,7892,5386,5021,185,185,1250,0,0,661,0,0,1271,874,433,0,0,162
29,FINISTERE,232,QUIMPER,39954,28435,26444,1517,680,7702,0,0,0,0,0,12612,0,1791,0,0,2142
29,FINISTERE,233,QUIMPERLE,7945,5578,5336,375,72,1928,0,0,365,0,0,0,2066,226,0,2,302
29,FINISTERE,235,LE RELECQ-KERHUON,7681,5308,5009,489,0,1229,0,0,758,0,0,2048,0,485,0,0,0
30,GARD,7,ALES,26850,18510,17457,4345,348,1415,0,1467,1118,0,2097,3006,408,2798,0,0,455
30,GARD,28,BAGNOLS-SUR-CEZE,11517,7853,7459,602,0,0,0,2442,348,0,1510,1202,0,1178,0,0,177
30,GARD,32,BEAUCAIRE,8393,6092,5855,1477,0,0,0,332,0,156,0,523,2141,1094,0,0,132
30,GARD,189,NIMES,76802,49107,46592,7365,791,4767,0,2976,0,3237,0,1451,14473,9582,169,0,1781
30,GARD,202,PONT-SAINT-ESPRIT,6592,5058,4878,279,0,0,0,2947,151,0,298,595,0,539,0,0,69
30,GARD,258,SAINT-GILLES,7251,4737,4521,421,0,0,0,490,0,152,0,621,1404,1310,0,0,123
30,GARD,341,VAUVERT,6470,4616,4306,731,0,0,0,692,0,184,0,690,920,927,0,0,162
30,GARD,351,VILLENEUVE-LES-AVIGNON,7557,5529,5266,337,0,0,0,1079,533,0,886,1358,0,893,0,0,180
31,HAUTE-GARONNE,44,BALMA,7763,5922,5601,251,120,1399,0,0,530,0,0,2371,103,572,0,0,255
31,HAUTE-GARONNE,69,BLAGNAC,11447,8136,7677,752,221,1862,0,0,0,920,0,2664,0,903,0,0,355
31,HAUTE-GARONNE,149,COLOMIERS,17864,12632,11706,846,362,3254,0,0,0,1301,0,3783,0,1455,0,0,705
31,HAUTE-GARONNE,157,CUGNAUX,7563,5422,5075,340,152,1390,0,0,479,0,1780,0,0,714,0,0,220
31,HAUTE-GARONNE,395,MURET,11639,8430,8016,367,207,2107,0,0,0,480,3604,0,0,952,0,0,299
31,HAUTE-GARONNE,424,PLAISANCE-DU-TOUCH,6824,5084,4728,370,228,1056,0,0,0,457,1801,0,0,582,0,0,234
31,HAUTE-GARONNE,446,RAMONVILLE-SAINT-AGNE,8206,5901,5586,310,124,1472,0,0,456,0,2135,0,0,460,0,0,629
31,HAUTE-GARONNE,483,SAINT-GAUDENS,8615,5581,5278,196,24,1508,0,0,0,272,0,2649,0,388,0,0,241
31,HAUTE-GARONNE,506,SAINT-ORENS-DE-GAMEVILLE,6685,5344,4931,540,128,1051,0,0,374,0,1982,0,0,464,0,0,392
31,HAUTE-GARONNE,555,TOULOUSE,205953,131538,125673,9122,2891,26232,0,0,6354,3993,32807,24283,476,14671,0,0,4844
31,HAUTE-GARONNE,557,TOURNEFEUILLE,11288,8470,7964,514,337,1560,0,0,0,825,3434,0,0,948,0,0,346
31,HAUTE-GARONNE,561,L'UNION,9234,6707,6295,429,103,1775,0,0,508,0,0,2287,75,771,0,0,347
32,GERS,13,AUCH,15003,10737,10147,754,0,3105,0,0,0,652,2158,2328,166,655,0,0,329
33,GIRONDE,3,AMBARES-ET-LAGRAVE,6806,4553,4185,358,147,1337,0,0,381,0,0,1177,0,590,0,56,139
33,GIRONDE,9,ARCACHON,10317,6784,6577,227,0,1116,0,0,0,360,2745,0,871,842,0,0,416
33,GIRONDE,39,BEGLES,14277,9945,9427,2609,328,985,0,0,0,2763,0,1712,31,720,0,0,279
33,GIRONDE,56,BLANQUEFORT,7837,5423,5094,344,172,1146,0,0,0,507,1755,0,0,575,0,0,595
33,GIRONDE,63,BORDEAUX,115173,72991,69481,4488,1526,6949,1426,3885,3535,4327,0,29994,56,8787,0,0,4508
33,GIRONDE,69,LE BOUSCAT,14292,10326,9860,585,180,1825,0,0,906,0,0,5031,0,1057,0,0,276
33,GIRONDE,119,CENON,11760,7842,7480,803,193,2913,0,0,446,0,0,1603,0,1083,0,65,374
33,GIRONDE,122,CESTAS,11542,8700,8263,502,157,3529,0,0,718,0,2265,0,0,591,0,0,501
33,GIRONDE,162,EYSINES,10561,7572,7158,356,175,2183,0,0,0,552,2625,0,0,710,0,0,557
33,GIRONDE,167,FLOIRAC,9554,5876,5499,776,155,1642,0,0,464,0,0,1248,0,765,0,54,395
33,GIRONDE,192,GRADIGNAN,13570,9557,9065,578,256,2136,0,0,1111,0,3339,0,0,865,0,0,780
33,GIRONDE,199,GUJAN-MESTRAS,9130,6403,6075,322,0,1126,0,0,0,502,2273,0,522,716,0,0,614
33,GIRONDE,243,LIBOURNE,14641,9937,9432,475,0,3006,0,0,435,0,0,3358,572,940,30,0,616
33,GIRONDE,249,LORMONT,9581,6607,6193,612,185,1933,0,0,485,0,0,1434,0,1060,0,95,389
33,GIRONDE,281,MERIGNAC,35964,25468,24252,1348,615,9480,0,0,0,1923,7351,0,209,2584,170,0,572
33,GIRONDE,318,PESSAC,32748,21912,20820,1289,517,6646,0,0,1906,0,6797,0,0,2080,0,0,1585
33,GIRONDE,449,SAINT-MEDARD-EN-JALLES,16118,11601,10633,579,404,3188,0,0,0,938,3753,0,109,1140,145,0,377
33,GIRONDE,522,TALENCE,20020,13575,12874,775,481,2362,0,0,0,1825,0,5768,99,1163,0,0,401
33,GIRONDE,529,LA TESTE-DE-BUCH,14807,10285,9901,450,0,1896,0,0,0,557,2636,0,2529,1026,0,0,807
33,GIRONDE,550,VILLENAVE-D'ORNON,16681,11775,10973,1379,419,2600,0,0,0,1604,0,3437,51,1062,0,0,421
34,HERAULT,3,AGDE,13283,9620,9084,932,84,1627,0,0,0,657,3419,0,0,1991,108,0,266
34,HERAULT,32,BEZIERS,48614,32465,31043,3868,0,5106,0,0,0,2518,6815,6673,0,4983,305,0,775
34,HERAULT,57,CASTELNAU-LE-LEZ,9014,6109,5720,320,0,875,0,144,563,0,0,2540,0,1023,98,0,157
34,HERAULT,108,FRONTIGNAN,11737,7829,7345,1265,62,1587,0,0,0,687,2151,0,0,1294,72,0,227
34,HERAULT,129,LATTES,7763,5515,5231,271,53,635,0,47,0,543,2332,0,105,1034,40,0,171
34,HERAULT,145,LUNEL,12072,8338,7890,982,0,1388,0,167,487,0,0,2747,0,1788,95,0,236
34,HERAULT,154,MAUGUIO,9035,6456,6097,512,0,1257,0,154,536,0,0,2384,0,1040,60,0,154
34,HERAULT,172,MONTPELLIER,112135,71854,68510,4221,2068,8694,0,7741,3466,3402,13957,11373,740,10564,379,0,1905
34,HERAULT,301,SETE,29780,20620,19869,4934,113,2801,0,0,0,1370,7732,0,0,2471,115,0,333
35,ILLE-ET-VILAINE,51,CESSON-SEVIGNE,9786,7012,6703,188,181,1169,0,0,972,0,3606,0,0,400,0,0,187
35,ILLE-ET-VILAINE,93,DINARD,7335,5025,4814,232,0,756,0,27,435,0,2282,0,324,541,0,75,142
35,ILLE-ET-VILAINE,115,FOUGERES,16776,11452,10672,550,0,0,0,2740,1040,0,2511,2885,0,546,0,32,368
35,ILLE-ET-VILAINE,236,REDON,6330,4359,4195,413,0,996,0,0,0,343,2089,0,0,252,0,0,102
35,ILLE-ET-VILAINE,238,RENNES,118203,72896,69798,3482,2777,18627,0,208,4153,5600,18013,6834,2714,4927,0,238,2225
35,ILLE-ET-VILAINE,288,SAINT-MALO,36270,23903,22780,956,0,3584,0,69,1967,0,10970,0,2178,1872,0,603,581
35,ILLE-ET-VILAINE,360,VITRE,10672,7538,7108,107,216,747,0,0,621,0,4589,0,0,379,0,0,449
36,INDRE,44,CHATEAUROUX,33666,23461,22075,1837,0,5489,0,0,1357,0,720,3539,6305,2234,0,0,594
36,INDRE,88,ISSOUDUN,9989,7507,7108,412,0,3222,0,106,352,0,2133,0,0,673,0,0,210
37,INDRE-ET-LOIRE,3,AMBOISE,7328,5184,4973,271,0,933,0,174,409,0,0,2609,0,436,0,0,141
37,INDRE-ET-LOIRE,122,JOUE-LES-TOURS,23243,15260,14474,644,426,3604,0,0,1290,0,5081,0,854,1929,0,0,646
37,INDRE-ET-LOIRE,208,SAINT-AVERTIN,9094,6545,6170,351,166,0,0,999,0,797,1244,1525,124,578,0,0,386
37,INDRE-ET-LOIRE,214,SAINT-CYR-SUR-LOIRE,11278,8105,7797,253,229,1401,0,0,0,1179,0,3286,704,745,0,0,0
37,INDRE-ET-LOIRE,233,SAINT-PIERRE-DES-CORPS,10713,7106,6662,2123,251,0,0,899,0,644,544,827,71,897,0,0,406
37,INDRE-ET-LOIRE,261,TOURS,75321,49080,46475,2298,1482,8440,0,296,690,4710,0,4522,16602,5438,0,0,1997
38,ISERE,53,BOURGOIN-JALLIEU,12455,8046,7633,693,161,1108,0,0,369,351,3144,0,43,1524,0,0,240
38,ISERE,151,ECHIROLLES,19009,12621,12063,4096,236,1547,0,0,0,1033,2503,0,116,1824,0,0,708
38,ISERE,169,FONTAINE,13054,7905,7487,1735,315,1381,0,0,320,0,0,1643,191,1163,0,0,739
38,ISERE,185,GRENOBLE,82612,52165,50140,2966,1307,6362,0,5649,2808,0,0,18575,1516,6788,0,0,4169
38,ISERE,229,MEYLAN,11687,8668,8334,274,99,0,0,1822,1297,0,0,3601,402,723,0,0,116
38,ISERE,317,LE PONT-DE-CLAIX,5879,3890,3706,637,122,653,0,0,316,0,0,1020,121,716,0,0,121
38,ISERE,382,SAINT-EGREVE,10265,6980,6674,558,189,1464,0,0,0,990,0,2364,123,782,0,0,204
38,ISERE,421,SAINT-MARTIN-D'HERES,15585,9554,9020,1453,337,2182,0,0,0,931,2106,0,122,1181,0,0,708
38,ISERE,474,SASSENAGE,5994,4073,3827,333,107,857,0,0,0,0,0,1335,68,481,0,0,646
38,ISERE,485,SEYSSINET-PARISET,7417,5070,4830,254,116,1330,0,0,626,0,0,1561,164,622,0,0,157
38,ISERE,544,VIENNE,17623,12223,11719,576,0,3287,0,0,0,730,3108,0,2008,1623,0,0,387
38,ISERE,553,VILLEFONTAINE,7380,4928,4681,480,142,981,0,0,651,0,1398,0,19,868,0,0,142
38,ISERE,563,VOIRON,11520,7680,7316,825,0,1315,0,0,887,0,0,2904,171,1073,0,0,141
39,JURA,97,CHAMPAGNOLE,5889,4278,3998,202,0,428,0,0,0,96,384,1717,71,373,0,0,727
39,JURA,198,DOLE,15682,10888,10361,945,222,1388,0,0,1836,0,4132,0,19,1309,0,0,510
39,JURA,300,LONS-LE-SAUNIER,12518,8155,7680,477,83,1615,0,0,332,0,0,3638,190,736,0,0,609
39,JURA,478,SAINT-CLAUDE,6678,4265,4071,588,0,447,0,0,0,87,1085,964,67,567,0,0,266
40,LANDES,46,BISCARROSSE,7142,4789,4481,173,0,989,0,0,296,0,0,2249,0,577,69,0,128
40,LANDES,88,DAX,13527,8835,8287,460,0,1835,0,0,0,548,4331,0,0,815,0,0,298
40,LANDES,192,MONT-DE-MARSAN,19555,13558,12852,767,0,4275,0,0,729,0,0,5304,0,1304,142,0,331
40,LANDES,279,SAINT-PAUL-LES-DAX,7327,5152,4772,442,0,1603,0,0,0,352,1802,0,0,384,0,0,189
40,LANDES,312,TARNOS,7022,4992,4675,1701,0,786,0,0,0,288,1366,0,0,329,0,0,205
41,LOIR-ET-CHER,18,BLOIS,28104,20102,19306,1089,0,7890,0,0,1231,0,6080,0,587,2054,0,0,375
41,LOIR-ET-CHER,194,ROMORANTIN-LANTHENAY,11967,8756,8044,526,0,2888,0,0,0,396,0,3048,0,913,0,0,273
41,LOIR-ET-CHER,269,VENDOME,11682,8261,7823,628,0,2236,0,0,0,552,2201,0,1085,872,0,0,249
42,LOIRE,5,ANDREZIEUX-BOUTHEON,4531,3182,3097,180,36,225,0,0,0,155,465,0,1525,443,0,0,68
42,LOIRE,44,LE CHAMBON-FEUGEROLLES,9256,5886,5654,960,93,486,0,0,224,0,1576,538,56,1515,0,0,206
42,LOIRE,95,FIRMINY,14122,8736,8333,2229,107,700,0,0,537,0,1701,1061,137,1547,0,0,314
42,LOIRE,147,MONTBRISON,8887,5784,5382,231,132,649,0,0,0,556,1929,0,1030,690,0,0,165
42,LOIRE,183,LA RICAMARIE,6157,3883,3745,1290,53,239,0,0,130,0,566,291,135,888,0,0,153
42,LOIRE,184,RIORGES,7428,5389,5027,340,104,1087,0,0,329,0,1465,957,0,521,0,0,224
42,LOIRE,186,RIVE-DE-GIER,7965,5107,4880,1341,101,0,386,168,249,0,1382,0,182,849,0,0,222
42,LOIRE,187,ROANNE,24965,16928,16149,1254,343,3863,0,0,845,0,4217,3341,0,1722,0,0,564
42,LOIRE,189,ROCHE-LA-MOLIERE,6267,4200,4036,322,0,1002,0,0,0,262,1469,0,97,767,0,0,117
42,LOIRE,207,SAINT-CHAMOND,23362,15155,14497,1021,313,0,1700,691,696,0,6215,0,527,2524,0,0,810
42,LOIRE,218,SAINT-ETIENNE,116647,69016,66447,7962,998,9113,0,1061,2584,1953,10276,15300,1529,12419,0,0,3252
42,LOIRE,279,SAINT-JUST-SAINT-RAMBERT,8223,5665,5430,276,68,383,0,0,0,423,2264,0,946,959,0,0,111
43,HAUTE-LOIRE,157,LE PUY-EN-VELAY,12171,8156,7680,384,138,1375,75,0,335,421,3693,0,239,811,0,0,209
44,LOIRE-ATLANTIQUE,20,BOUGUENAIS,10020,6900,6455,462,591,1753,0,0,630,0,0,2268,0,524,0,0,227
44,LOIRE-ATLANTIQUE,26,CARQUEFOU,8718,6433,6042,209,106,883,0,85,0,686,3383,0,0,510,0,0,180
44,LOIRE-ATLANTIQUE,35,LA CHAPELLE-SUR-ERDRE,10707,7415,6899,297,132,1394,0,159,0,1039,2969,0,0,647,0,0,262
44,LOIRE-ATLANTIQUE,36,CHATEAUBRIANT,9547,6995,6656,259,0,1697,0,291,0,350,0,3523,0,350,0,0,186
44,LOIRE-ATLANTIQUE,47,COUERON,11435,7819,7340,832,538,2397,0,0,686,0,1971,0,0,663,0,0,253
44,LOIRE-ATLANTIQUE,55,LA BAULE-ESCOUBLAC,12453,8347,8037,313,128,1021,0,395,0,594,0,3912,507,858,0,86,223
44,LOIRE-ATLANTIQUE,69,GUERANDE,8389,5948,5604,186,115,891,0,139,0,664,0,2635,268,429,0,89,188
44,LOIRE-ATLANTIQUE,109,NANTES,162168,100866,96346,5160,2108,22655,1301,153,4436,5164,19756,20814,2211,9352,0,457,2779
44,LOIRE-ATLANTIQUE,114,ORVAULT,17265,11585,10981,517,0,1946,563,0,1319,0,4937,0,175,912,0,281,331
44,LOIRE-ATLANTIQUE,131,PORNIC,7947,5666,5447,168,0,531,0,39,551,0,2186,1065,335,477,0,0,95
44,LOIRE-ATLANTIQUE,143,REZE,24004,16341,15436,1013,839,5226,0,0,1504,0,0,5215,0,1123,0,0,516
44,LOIRE-ATLANTIQUE,162,SAINT-HERBLAIN,28412,19229,18235,931,952,6199,0,0,1870,0,6097,0,0,1689,0,0,497
44,LOIRE-ATLANTIQUE,172,SAINTE-LUCE-SUR-LOIRE,7129,5071,4715,259,112,905,0,122,0,729,2057,0,0,357,0,0,174
44,LOIRE-ATLANTIQUE,184,SAINT-NAZAIRE,45401,28004,26543,2940,969,6584,0,0,1527,3022,0,8360,409,2097,0,0,635
44,LOIRE-ATLANTIQUE,190,SAINT-SEBASTIEN-SUR-LOIRE,16489,11357,10560,770,583,2470,0,0,1242,0,0,4273,0,821,0,0,401
44,LOIRE-ATLANTIQUE,215,VERTOU,12961,9412,8878,527,0,1624,0,0,1143,0,0,4228,0,680,0,226,450
45,LOIRET,4,AMILLY,7894,5565,5294,763,162,0,0,639,308,0,0,1830,738,733,0,0,121
45,LOIRET,68,CHALETTE-SUR-LOING,7102,4882,4651,1668,112,0,0,386,221,0,0,1115,295,726,0,0,128
45,LOIRET,147,FLEURY-LES-AUBRAIS,13878,9015,8436,1714,334,1356,0,0,0,837,0,2768,0,1018,0,0,409
45,LOIRET,155,GIEN,8739,6212,5920,503,203,0,0,802,383,0,0,2375,460,1041,0,0,153
45,LOIRET,208,MONTARGIS,9145,6224,5992,1507,139,0,0,574,279,0,0,2045,599,754,0,0,95
45,LOIRET,232,OLIVET,12013,8761,8417,261,300,1961,0,0,0,913,2442,1705,0,834,0,0,1
45,LOIRET,234,ORLEANS,57357,39817,38116,2300,1613,8516,0,0,2596,1303,8162,8630,0,4630,0,0,366
45,LOIRET,252,PITHIVIERS,5146,3469,3290,142,87,682,0,0,0,181,0,1490,0,616,0,0,92
45,LOIRET,284,SAINT-JEAN-DE-BRAYE,11047,7321,6963,648,230,1786,0,0,603,0,2730,0,0,756,0,0,210
45,LOIRET,285,SAINT-JEAN-DE-LA-RUELLE,9674,6464,6096,647,369,1127,0,0,725,0,0,2241,0,986,0,0,1
45,LOIRET,302,SARAN,8659,6265,5928,1799,219,649,0,0,694,0,0,1837,0,730,0,0,0
46,LOT,42,CAHORS,12391,9212,8605,652,0,0,2636,0,640,0,2389,1003,285,511,0,0,489
46,LOT,102,FIGEAC,6901,5132,4910,228,62,2111,0,0,0,241,0,616,1354,143,0,0,155
47,LOT-ET-GARONNE,1,AGEN,19231,12824,11969,1006,0,2265,0,0,1215,0,4926,0,0,2142,0,0,415
47,LOT-ET-GARONNE,157,MARMANDE,13489,9686,9062,804,228,2486,0,0,0,598,0,3653,0,1031,0,0,262
47,LOT-ET-GARONNE,310,TONNEINS,6663,5104,4693,615,100,1440,0,0,0,272,0,1569,0,542,0,0,155
47,LOT-ET-GARONNE,323,VILLENEUVE-SUR-LOT,16360,10871,10365,560,102,1570,0,0,0,468,1898,2676,1139,1184,0,519,249
48,LOZERE,95,MENDE,6842,5396,5216,154,0,764,0,0,0,248,3702,0,0,266,0,0,82
49,MAINE-ET-LOIRE,7,ANGERS,80925,54089,50755,3070,5096,9124,0,1424,0,2176,10813,12425,344,5272,0,0,1011
49,MAINE-ET-LOIRE,15,AVRILLE,9381,6592,6194,278,1066,980,0,0,0,0,3152,0,0,484,0,0,234
49,MAINE-ET-LOIRE,99,CHOLET,35850,23390,21665,1238,821,4455,0,0,2040,0,9329,0,0,2353,0,0,1429
49,MAINE-ET-LOIRE,246,LES PONTS-DE-CE,7858,5730,5312,326,322,962,0,0,0,480,2445,0,96,474,0,0,207
49,MAINE-ET-LOIRE,267,SAINT-BARTHELEMY-D'ANJOU,6849,4658,4267,410,651,862,0,243,0,0,0,1633,64,404,0,0,0
49,MAINE-ET-LOIRE,328,SAUMUR,19243,12456,11829,450,773,1708,0,0,784,0,4858,0,2109,1102,0,0,45
49,MAINE-ET-LOIRE,353,TRELAZE,6953,4434,4142,1270,248,471,0,0,0,289,1316,0,40,376,0,0,132
50,MANCHE,129,CHERBOURG-OCTEVILLE,15832,10459,10046,597,262,2107,0,0,861,0,3180,1173,1001,865,0,0,0
50,MANCHE,147,COUTANCES,6438,4412,4240,150,0,433,0,46,390,0,0,1592,1239,249,0,0,141
50,MANCHE,173,EQUEURDREVILLE-HAINNEVILLE,11961,8108,7593,656,267,1864,0,0,982,0,2077,583,562,602,0,0,0
50,MANCHE,218,GRANVILLE,9033,5730,5412,215,0,865,0,236,441,0,0,2294,539,550,0,0,272
50,MANCHE,383,OCTEVILLE,9660,6494,6165,467,253,1312,0,0,764,0,1533,664,587,585,0,0,0
50,MANCHE,502,SAINT-LO,13653,9198,8702,343,0,2147,0,0,1074,0,1893,2132,66,851,0,0,196
50,MANCHE,602,TOURLAVILLE,11202,7613,7197,534,241,1640,0,0,798,0,1962,764,624,634,0,0,0
51,MARNE,108,CHALONS-EN-CHAMPAGNE,27735,16868,16199,3102,177,1529,0,0,0,1147,0,5900,1414,1953,179,0,798
51,MARNE,230,EPERNAY,16640,9836,9377,1457,0,1118,0,0,610,0,3192,0,907,1284,64,0,745
51,MARNE,454,REIMS,96516,60125,57825,5170,483,9284,0,0,3001,1035,2338,24455,0,7974,756,0,3329
51,MARNE,573,TINQUEUX,6874,4455,4262,318,0,736,0,0,320,0,0,1973,0,580,35,0,300
51,MARNE,649,VITRY-LE-FRANCOIS,9233,6241,6010,241,0,2152,0,0,0,225,2265,0,0,833,134,0,160
52,HAUTE-MARNE,121,CHAUMONT,17676,10873,10139,593,217,1938,0,0,0,700,3326,0,1837,1043,0,0,485
52,HAUTE-MARNE,269,LANGRES,5908,3750,3550,93,70,898,0,0,0,235,1064,0,630,428,0,0,132
52,HAUTE-MARNE,448,SAINT-DIZIER,19310,11651,11096,2321,0,1252,0,0,595,0,2364,2171,0,2021,0,0,372
53,MAYENNE,62,CHATEAU-GONTIER,7895,5526,4939,164,0,499,0,0,577,0,0,3030,0,317,185,0,167
53,MAYENNE,130,LAVAL,32268,22339,19038,1101,564,4072,0,0,1918,379,8157,0,292,1770,0,0,785
53,MAYENNE,147,MAYENNE,9225,6506,5773,268,0,851,0,0,0,708,1638,0,1351,545,0,0,412
54,MEURTHE-ET-MOSELLE,159,DOMBASLE-SUR-MEURTHE,6736,3986,3752,286,135,934,0,0,127,0,0,1058,145,610,0,0,457
54,MEURTHE-ET-MOSELLE,274,JARVILLE-LA-MALGRANGE,5711,3616,3414,155,93,580,0,0,211,0,0,1311,100,515,13,0,436
54,MEURTHE-ET-MOSELLE,304,LAXOU,9277,5491,5228,179,135,996,0,0,0,522,2283,0,0,689,0,0,424
54,MEURTHE-ET-MOSELLE,323,LONGWY,8726,5298,5048,707,0,1212,0,109,251,0,1321,0,331,799,0,0,318
54,MEURTHE-ET-MOSELLE,329,LUNEVILLE,13616,8380,7951,594,249,1464,0,0,329,0,0,2117,1205,1307,0,0,686
54,MEURTHE-ET-MOSELLE,395,NANCY,53336,32795,31468,1039,1267,4849,0,0,0,2827,15581,0,0,3768,0,0,2137
54,MEURTHE-ET-MOSELLE,431,PONT-A-MOUSSON,9075,5478,5098,183,151,1316,0,0,284,0,1585,0,513,848,0,0,218
54,MEURTHE-ET-MOSELLE,482,SAINT-MAX,7039,4703,4520,148,91,651,0,0,265,0,0,2446,81,416,18,0,404
54,MEURTHE-ET-MOSELLE,528,TOUL,9485,6117,5862,196,0,1301,0,0,0,237,1554,1235,50,776,0,0,513
54,MEURTHE-ET-MOSELLE,547,VANDOEUVRE-LES-NANCY,17774,10661,10180,371,307,2097,0,0,706,0,0,3913,230,1447,32,0,1077
54,MEURTHE-ET-MOSELLE,578,VILLERS-LES-NANCY,11409,7845,7472,251,142,1557,0,0,0,805,3367,0,0,751,0,0,599
54,MEURTHE-ET-MOSELLE,580,VILLERUPT,6996,3999,3756,1495,0,668,0,65,171,0,617,0,76,287,0,0,377
55,MEUSE,29,BAR-LE-DUC,11081,7284,6898,363,0,1416,0,0,643,0,3349,0,0,613,0,0,514
55,MEUSE,545,VERDUN,12685,7944,7480,272,0,1435,0,574,0,433,0,1963,1535,737,0,0,531
56,MORBIHAN,7,AURAY,6772,4758,4446,496,0,669,0,0,0,509,1950,0,0,647,0,0,175
56,MORBIHAN,83,HENNEBONT,10320,7178,6826,2068,0,869,0,0,534,0,622,880,1179,431,0,4,239
56,MORBIHAN,98,LANESTER,15993,11043,10547,4135,229,1425,0,209,0,694,0,0,2630,964,0,0,261
56,MORBIHAN,121,LORIENT,42268,27106,25854,3131,640,6196,0,718,0,2155,0,0,9436,2862,0,0,716
56,MORBIHAN,162,PLOEMEUR,12536,9021,8643,742,133,1408,0,204,0,689,0,0,4528,719,0,0,220
56,MORBIHAN,178,PONTIVY,9080,6632,6290,607,0,1492,0,0,0,490,0,2990,0,464,0,0,247
56,MORBIHAN,260,VANNES,28289,20033,19095,721,0,3507,0,0,2587,0,9002,0,628,2144,0,0,506
57,MOSELLE,58,BEHREN-LES-FORBACH,4782,2401,2258,77,149,333,0,95,0,229,290,452,0,396,13,0,224
57,MOSELLE,160,CREUTZWALD,8095,5032,4660,466,147,663,0,0,282,0,0,0,1592,887,0,0,623
57,MOSELLE,206,FAMECK,8043,4904,4669,197,97,1883,0,0,139,0,0,0,1250,717,0,0,386
57,MOSELLE,221,FLORANGE,7011,4417,4138,255,191,913,0,0,0,208,0,0,1140,823,0,0,608
57,MOSELLE,227,FORBACH,13337,7235,6950,176,108,648,0,491,0,548,1141,2398,0,1008,15,0,417
57,MOSELLE,240,FREYMING-MERLEBACH,10616,6401,6083,152,111,1170,0,57,0,345,2475,429,0,813,14,0,517
57,MOSELLE,306,HAYANGE,10289,6136,5768,698,249,892,0,0,0,261,0,0,2083,924,0,0,661
57,MOSELLE,332,HOMBOURG-HAUT,6245,3604,3343,114,0,524,0,0,238,0,0,1310,0,714,0,0,443
57,MOSELLE,447,MARLY,7320,4995,4711,122,0,765,0,0,0,494,2137,0,0,803,0,0,390
57,MOSELLE,463,METZ,71422,41399,39306,1290,216,5957,0,5447,1900,1496,3612,9479,895,6098,0,0,2916
57,MOSELLE,480,MONTIGNY-LES-METZ,16756,10320,9731,368,0,1793,0,0,0,997,4093,0,0,1686,0,0,794
57,MOSELLE,491,MOYEUVRE-GRANDE,5999,3859,3635,848,141,1065,0,0,0,176,0,0,653,406,0,0,346
57,MOSELLE,591,ROMBAS,6634,4065,3840,210,162,548,0,0,222,0,0,0,1383,573,0,0,742
57,MOSELLE,606,SAINT-AVOLD,11557,7015,6609,308,0,815,0,0,631,0,0,3089,0,1100,0,0,666
57,MOSELLE,630,SARREBOURG,8348,5589,5388,42,0,213,0,1687,279,0,0,2132,0,752,0,0,283
57,MOSELLE,631,SARREGUEMINES,16121,8858,8306,245,0,652,0,0,638,0,2517,0,2053,1314,0,0,887
57,MOSELLE,660,STIRING-WENDEL,8965,4810,4505,160,128,625,0,182,0,503,835,885,0,762,17,0,408
57,MOSELLE,672,THIONVILLE,26668,16374,15141,1237,0,2189,0,0,0,1296,0,6362,451,2114,0,0,1492
57,MOSELLE,683,UCKANGE,4372,2654,2490,170,111,556,0,0,0,118,0,0,575,647,0,0,313
57,MOSELLE,751,WOIPPY,7238,4387,4089,153,192,915,0,235,0,198,0,773,163,946,0,0,514
57,MOSELLE,757,YUTZ,10581,5942,5596,370,0,786,0,0,0,519,0,2198,134,1023,0,0,566
58,NIEVRE,86,COSNE-COURS-SUR-LOIRE,8528,5692,5384,487,0,1296,0,0,329,0,2241,0,112,687,0,0,232
58,NIEVRE,194,NEVERS,27528,18618,17627,1439,363,6346,0,0,0,919,0,6144,0,1451,0,0,965
58,NIEVRE,303,VARENNES-VAUZELLES,7495,5405,5065,2095,0,974,0,0,316,0,1021,0,137,313,0,0,209
59,NORD,8,ANICHE,6528,4190,3865,1261,101,786,0,0,168,0,0,0,758,588,0,0,203
59,NORD,9,VILLENEUVE-D'ASCQ,36167,24299,22991,1613,837,5656,0,0,2813,0,7634,0,0,3199,0,0,1239
59,NORD,14,ANZIN,8839,5894,5625,1902,127,828,0,0,0,310,1115,0,0,1046,0,0,297
59,NORD,17,ARMENTIERES,16770,11590,10806,1025,289,3233,0,0,758,0,2041,1270,0,1672,0,0,518
59,NORD,33,AULNOYE-AYMERIES,6726,4764,4473,1548,0,557,0,0,0,291,0,0,1106,777,0,0,194
59,NORD,43,BAILLEUL,9411,7185,6849,236,53,2630,0,0,0,355,1250,1334,171,601,0,0,219
59,NORD,90,BONDUES,7360,5417,5239,88,0,0,372,0,0,424,0,3603,0,632,0,0,120
59,NORD,112,BRUAY-SUR-L'ESCAUT,7689,5304,5037,1867,155,588,0,0,0,253,908,0,0,950,0,0,316
59,NORD,122,CAMBRAI,22453,15374,14498,1500,0,2562,0,0,1200,0,0,6267,0,2215,0,0,754
59,NORD,139,CAUDRY,9586,6989,6648,784,0,2963,0,0,318,0,0,1580,0,781,0,0,222
59,NORD,152,COMINES,7684,4935,4613,820,193,512,0,0,0,339,1604,0,0,887,0,0,258
59,NORD,153,CONDE-SUR-L'ESCAUT,6440,4205,4027,790,114,428,0,44,197,0,0,0,1494,804,0,0,156
59,NORD,155,COUDEKERQUE-BRANCHE,16132,12532,11830,842,166,4282,0,0,0,750,0,2789,1065,1414,0,0,522
59,NORD,163,CROIX,13637,8988,8600,451,152,1071,0,0,562,0,4141,0,199,1683,0,0,341
59,NORD,172,DENAIN,11258,7664,7299,2118,0,1693,0,0,0,473,0,1285,0,1308,0,0,422
59,NORD,178,DOUAI,25858,16924,16397,1559,250,3525,0,0,827,0,0,7966,0,1855,0,0,415
59,NORD,179,DOUCHY-LES-MINES,6697,4465,4234,1365,0,588,0,0,0,329,0,752,0,861,0,0,339
59,NORD,183,DUNKERQUE,49749,33741,31940,1483,600,6445,0,1291,596,1828,0,9557,5091,3734,84,0,1231
59,NORD,205,ESCAUDAIN,5705,3904,3711,1337,0,691,0,0,0,234,0,614,0,567,0,0,268
59,NORD,220,FACHES-THUMESNIL,12216,8343,8008,491,218,2330,0,77,0,655,0,2746,0,1196,46,0,249
59,NORD,249,FOURMIES,9633,6561,6176,1048,186,1822,0,0,309,0,0,1219,769,610,0,0,213
59,NORD,271,GRANDE-SYNTHE,13561,9367,8746,542,387,1598,0,1602,1068,0,0,1049,47,1766,113,0,574
59,NORD,273,GRAVELINES,8108,6410,6073,307,138,1337,0,2137,348,0,0,915,9,508,42,0,332
59,NORD,279,HALLUIN,11572,8300,7881,706,0,2310,0,0,461,0,0,2273,0,1763,71,0,297
59,NORD,286,HAUBOURDIN,9266,5995,5684,1063,208,968,0,0,429,0,0,756,979,924,0,0,357
59,NORD,291,HAUTMONT,9329,6723,6594,906,80,413,0,0,134,0,0,532,3703,671,0,0,155
59,NORD,295,HAZEBROUCK,14636,10740,9931,698,146,2128,0,0,0,829,1179,3118,209,1024,0,0,600
59,NORD,299,HEM,12039,8539,8128,412,221,1563,0,64,0,578,0,3104,240,1559,48,0,339
59,NORD,324,JEUMONT,6255,4309,4155,354,93,910,0,0,151,0,1348,0,93,1039,0,0,167
59,NORD,328,LAMBERSART,19866,13984,13411,582,254,1495,0,0,0,1048,7911,0,0,1761,0,0,360
59,NORD,339,LEERS,7206,5016,4728,267,148,830,0,23,0,415,0,1645,182,949,17,0,252
59,NORD,350,LILLE,94904,58233,55838,3781,1689,13828,0,375,3080,2265,3487,15784,241,8883,119,0,2306
59,NORD,355,LOMME,18148,12311,11750,929,231,4846,0,0,615,0,1487,1240,0,1931,0,0,471
59,NORD,360,LOOS,11672,8034,7613,906,244,1881,0,0,564,0,0,1109,978,1505,0,0,426
59,NORD,367,LYS-LEZ-LANNOY,8681,5834,5462,320,176,1019,0,34,0,492,0,1738,193,1183,49,0,258
59,NORD,368,LA MADELEINE,14044,8829,8444,496,122,1180,0,0,747,0,0,4234,105,1242,0,0,318
59,NORD,378,MARCQ-EN-BAROEUL,25548,17108,16543,1187,0,0,1779,0,0,1420,0,9731,0,1921,0,0,505
59,NORD,383,MARLY,7780,5642,5459,1670,70,366,0,86,187,0,0,0,2348,615,0,0,117
59,NORD,386,MARQUETTE-LEZ-LILLE,6112,4312,4055,350,254,743,0,0,0,355,1385,0,0,745,0,0,223
59,NORD,392,MAUBEUGE,21988,13608,12862,1686,277,1638,0,0,547,0,4814,0,111,3406,0,0,383
59,NORD,400,MERVILLE,6431,4888,4523,849,42,1022,0,0,0,251,704,803,105,442,0,0,305
59,NORD,410,MONS-EN-BAROEUL,13047,8442,7978,679,139,1378,0,0,830,0,0,2714,94,1586,0,0,558
59,NORD,421,MOUVAUX,9468,7001,6730,274,0,0,690,0,0,529,0,3738,0,1178,0,0,321
59,NORD,426,NEUVILLE-EN-FERRAIN,7705,5392,5164,220,0,1021,0,0,413,0,0,1973,0,1290,39,0,208
59,NORD,447,ONNAING,6191,4261,4137,1808,56,198,0,26,108,0,0,0,1398,467,0,0,76
59,NORD,491,RAISMES,9708,6951,6634,3779,83,417,0,0,0,272,1078,0,0,719,0,0,286
59,NORD,507,RONCHIN,12416,7927,7516,500,268,2119,0,0,638,0,2252,0,0,1322,0,0,417
59,NORD,508,RONCQ,8800,6392,6126,535,0,1103,0,0,414,0,0,2487,0,1302,45,0,240
59,NORD,512,ROUBAIX,44114,27292,26170,1455,991,5101,0,116,922,832,3842,4528,733,6278,71,0,1301
59,NORD,526,SAINT-AMAND-LES-EAUX,11550,7738,7311,2398,113,553,0,0,0,477,2405,0,0,1079,0,0,286
59,NORD,527,SAINT-ANDRE-LEZ-LILLE,6796,4839,4621,317,101,1180,0,0,0,297,1894,0,0,686,0,0,146
59,NORD,540,SAINT-POL-SUR-MER,15298,11119,10497,678,274,1313,0,4283,703,0,0,1378,25,1318,99,0,426
59,NORD,544,SAINT-SAULVE,7284,5508,5337,553,73,315,0,15,169,0,0,0,3627,506,0,0,79
59,NORD,560,SECLIN,8294,5709,5434,1740,129,580,0,0,364,0,0,933,769,713,0,0,206
59,NORD,569,SIN-LE-NOBLE,11353,7315,7039,1966,145,1437,0,0,322,0,0,2039,0,837,0,0,293
59,NORD,574,SOMAIN,8480,5913,5600,2271,90,1101,0,0,215,0,0,0,1133,563,0,0,227
59,NORD,599,TOURCOING,53911,35163,33677,1818,0,5056,1613,0,1172,934,0,10645,0,10498,178,0,1763
59,NORD,606,VALENCIENNES,23710,16229,15708,2107,147,943,0,99,466,0,0,0,9811,1861,0,0,274
59,NORD,616,VIEUX-CONDE,7604,4957,4748,1570,102,571,0,67,169,0,0,0,1410,699,0,0,160
59,NORD,646,WASQUEHAL,13164,9045,8766,563,88,592,0,0,530,0,5451,0,151,1132,0,0,259
59,NORD,648,WATTIGNIES,9207,6039,5701,372,157,1071,0,0,689,0,0,1432,714,973,0,0,293
59,NORD,650,WATTRELOS,29700,18701,17745,1080,604,4132,0,56,688,523,2987,1386,489,4569,56,0,1175
60,OISE,57,BEAUVAIS,31539,22993,21717,1420,695,4087,0,319,571,1102,0,9688,0,2793,0,0,1042
60,OISE,141,CHANTILLY,7358,4651,4497,207,0,476,0,0,0,412,0,2125,155,966,0,0,156
60,OISE,159,COMPIEGNE,22041,14997,14327,700,400,1901,0,0,1256,545,3621,3066,496,1979,0,0,363
60,OISE,175,CREIL,16152,10148,9812,851,354,2470,0,0,399,130,518,2171,311,2154,31,0,423
60,OISE,176,CREPY-EN-VALOIS,8915,6149,5816,1328,106,699,0,0,282,231,0,1913,170,926,0,0,161
60,OISE,282,GOUVIEUX,6313,4312,4161,250,0,420,0,0,0,402,0,2096,145,718,0,0,130
60,OISE,395,MERU,6496,4523,4296,405,185,878,0,0,255,0,0,1249,184,930,16,0,194
60,OISE,414,MONTATAIRE,6688,4551,4376,1956,104,358,0,0,149,0,0,824,99,753,7,0,126
60,OISE,463,NOGENT-SUR-OISE,10418,7064,6726,565,229,1244,0,0,0,532,1710,0,345,1759,0,0,342
60,OISE,471,NOYON,7607,4934,4722,291,143,482,0,0,251,0,2178,0,125,1111,0,0,141
60,OISE,509,PONT-SAINTE-MAXENCE,6305,4145,3954,420,0,450,0,0,0,490,0,1516,192,711,0,0,175
60,OISE,612,SENLIS,9546,6484,6218,255,0,672,0,0,0,586,0,3474,253,757,0,0,221
61,ORNE,1,ALENCON,18326,11612,10924,574,0,2601,0,0,1020,0,1445,3641,0,1101,0,0,542
61,ORNE,6,ARGENTAN,10864,7565,7116,515,0,0,2397,0,331,0,942,1455,423,611,229,0,213
61,ORNE,169,FLERS,10740,7418,7037,355,0,0,1899,0,385,0,1590,1146,525,750,212,0,175
61,ORNE,214,L'AIGLE,5708,3996,3812,147,0,1091,0,0,0,249,1573,181,0,462,0,0,109
62,PAS-DE-CALAIS,14,AIRE-SUR-LA-LYS,7072,5519,5164,277,223,984,0,0,0,277,0,2836,0,365,0,0,202
62,PAS-DE-CALAIS,40,ARQUES,6747,5162,4890,171,173,2651,0,0,0,156,0,1230,0,362,0,0,147
62,PAS-DE-CALAIS,41,ARRAS,26107,19006,17826,1302,5,850,4255,52,1063,265,1221,4042,1703,2088,0,0,980
62,PAS-DE-CALAIS,48,AUCHEL,8686,6682,6359,2966,87,984,0,0,0,238,0,919,360,534,0,0,271
62,PAS-DE-CALAIS,65,AVION,12108,8605,8149,4196,184,1362,0,237,242,0,0,0,601,866,0,0,461
62,PAS-DE-CALAIS,108,BERCK,10021,6978,6704,404,0,2434,0,0,246,0,2405,0,0,528,0,0,687
62,PAS-DE-CALAIS,119,BETHUNE,19469,14170,13501,1113,0,6020,0,0,617,0,0,4003,168,1068,0,0,512
62,PAS-DE-CALAIS,160,BOULOGNE-SUR-MER,28748,17731,16920,1560,0,6696,0,0,375,382,1909,0,3635,1712,0,0,651
62,PAS-DE-CALAIS,178,BRUAY-LA-BUISSIERE,18890,12847,12083,1601,153,5587,0,0,0,762,0,1387,1170,953,0,0,470
62,PAS-DE-CALAIS,186,BULLY-LES-MINES,9113,6679,6235,912,144,1843,0,1746,197,0,0,0,477,554,0,0,362
62,PAS-DE-CALAIS,193,CALAIS,49386,31030,29319,8840,0,5150,0,0,1424,508,0,5550,3789,2670,0,0,1388
62,PAS-DE-CALAIS,215,CARVIN,11011,7780,7326,2897,155,768,0,0,0,566,1438,0,0,1086,0,0,416
62,PAS-DE-CALAIS,250,COURRIERES,8305,5999,5722,694,106,2474,0,1104,220,0,0,0,0,832,0,0,292
62,PAS-DE-CALAIS,318,ETAPLES,7999,5470,5178,358,0,572,0,0,107,0,3267,0,0,327,0,0,547
62,PAS-DE-CALAIS,413,HARNES,9232,6353,5986,2033,158,950,0,0,0,271,0,0,1045,1135,0,0,394
62,PAS-DE-CALAIS,427,HENIN-BEAUMONT,18188,12820,12151,1989,252,2827,0,4283,532,0,0,0,0,1547,0,0,721
62,PAS-DE-CALAIS,498,LENS,24508,17268,16261,1579,416,6505,0,0,0,892,0,0,3751,2300,0,0,818
62,PAS-DE-CALAIS,510,LIEVIN,22441,16251,15283,2085,451,7019,0,1355,695,0,0,0,1124,1598,0,0,956
62,PAS-DE-CALAIS,516,LILLERS,7054,5589,5359,1805,0,1466,0,0,165,0,0,1457,34,309,0,0,123
62,PAS-DE-CALAIS,525,LONGUENESSE,8039,5854,5508,244,287,2313,0,0,0,338,0,1552,0,535,0,0,239
62,PAS-DE-CALAIS,548,MARCK,6344,4143,3866,657,0,881,0,0,258,0,0,1213,243,408,0,0,206
62,PAS-DE-CALAIS,570,MERICOURT,8621,5759,5410,2277,163,693,0,654,257,0,0,0,181,788,0,0,397
62,PAS-DE-CALAIS,587,MONTIGNY-EN-GOHELLE,6799,4911,4665,1180,101,1821,0,639,166,0,0,0,0,544,0,0,214
62,PAS-DE-CALAIS,617,NOEUX-LES-MINES,9209,6668,6157,1123,219,1742,0,0,0,424,1477,0,0,635,0,0,537
62,PAS-DE-CALAIS,637,OIGNIES,6403,4555,4349,695,113,1259,0,841,149,0,0,0,0,1067,0,0,225
62,PAS-DE-CALAIS,643,OUTREAU,10020,7168,6735,1247,0,2334,0,0,360,0,1320,0,358,653,0,0,463
62,PAS-DE-CALAIS,667,LE PORTEL,6830,4569,4366,699,0,1118,0,0,192,0,1400,0,246,489,0,0,222
62,PAS-DE-CALAIS,724,ROUVROY,5894,4479,4340,3081,46,176,0,434,102,0,0,0,0,387,0,0,114
62,PAS-DE-CALAIS,758,SAINT-MARTIN-BOULOGNE,8355,5599,5293,785,0,1626,0,0,292,0,1327,0,566,409,0,0,288
62,PAS-DE-CALAIS,765,SAINT-OMER,10007,7090,6700,268,221,1681,0,0,0,426,0,3183,0,643,0,0,278
62,PAS-DE-CALAIS,771,SALLAUMINES,7101,4869,4673,2095,126,752,0,0,0,190,0,0,629,607,0,0,274
62,PAS-DE-CALAIS,907,LIBERCOURT,5468,3658,3476,898,77,632,0,0,0,257,659,0,0,738,0,0,215
63,PUY-DE-DOME,14,AUBIERE,5737,4142,3895,262,116,908,0,0,345,0,1684,0,69,356,0,0,155
63,PUY-DE-DOME,32,BEAUMONT,7029,4770,4468,249,0,756,0,122,643,0,2188,0,0,360,0,0,150
63,PUY-DE-DOME,75,CHAMALIERES,12025,8922,8405,334,0,932,0,167,710,0,5292,0,0,743,0,0,227
63,PUY-DE-DOME,113,CLERMONT-FERRAND,69155,47436,44689,2992,1523,10241,0,257,1952,2141,14656,4014,908,4306,0,0,1699
63,PUY-DE-DOME,124,COURNON-D'AUVERGNE,12403,8685,8026,467,252,2122,0,0,686,0,3261,0,73,794,0,0,371
63,PUY-DE-DOME,164,GERZAT,5280,3642,3342,254,161,811,0,0,0,230,578,762,67,341,0,0,138
63,PUY-DE-DOME,178,ISSOIRE,8777,6198,5806,301,21,595,0,1500,373,0,0,2375,0,437,0,0,204
63,PUY-DE-DOME,300,RIOM,11429,7995,7498,695,98,2149,0,0,0,647,2789,0,0,735,0,0,385
63,PUY-DE-DOME,430,THIERS,9189,6697,6380,452,110,2282,0,0,0,343,2383,0,0,653,0,0,157
64,PYRENEES-ATLANTIQUES,24,ANGLET,24363,16717,15864,912,295,3260,0,0,1353,0,7622,0,0,1406,0,541,475
64,PYRENEES-ATLANTIQUES,102,BAYONNE,24575,16331,15636,963,269,3604,0,0,1004,0,7224,0,0,1393,0,713,466
64,PYRENEES-ATLANTIQUES,122,BIARRITZ,21771,13981,13462,572,0,2076,0,0,0,1073,0,5705,1620,1297,0,436,683
64,PYRENEES-ATLANTIQUES,129,BILLERE,8663,5723,5412,272,89,1293,0,0,0,455,0,2294,277,553,0,0,179
64,PYRENEES-ATLANTIQUES,260,HENDAYE,7384,4969,4743,415,0,1524,0,0,0,242,0,1508,218,338,0,308,190
64,PYRENEES-ATLANTIQUES,348,LONS,5970,4249,3991,198,56,832,0,0,0,326,0,1669,283,497,0,0,130
64,PYRENEES-ATLANTIQUES,422,OLORON-SAINTE-MARIE,7409,5465,5155,928,0,1101,0,0,309,0,0,2082,0,301,0,44,390
64,PYRENEES-ATLANTIQUES,430,ORTHEZ,7989,5739,5339,295,0,2052,0,0,0,422,0,0,2067,320,0,0,183
64,PYRENEES-ATLANTIQUES,445,PAU,51157,33796,32052,1727,365,7718,0,0,870,1601,5303,7869,1885,3688,0,0,1026
64,PYRENEES-ATLANTIQUES,483,SAINT-JEAN-DE-LUZ,9704,6850,6574,275,0,849,0,0,0,439,0,2753,1064,505,0,413,276
65,HAUTES-PYRENEES,286,LOURDES,12819,9789,9304,257,60,0,2358,0,321,0,5487,0,0,589,0,0,232
65,HAUTES-PYRENEES,440,TARBES,31217,19097,18194,3678,330,2000,1435,0,431,732,7050,0,345,1639,0,0,554
66,PYRENEES-ORIENTALES,136,PERPIGNAN,68768,42268,40078,3332,399,4969,0,277,265,2034,9240,8126,184,9388,81,604,1179
66,PYRENEES-ORIENTALES,172,SAINT-ESTEVE,7380,4900,4587,398,162,824,0,0,379,0,0,1575,0,1019,0,58,172
67,BAS-RHIN,43,BISCHHEIM,9435,5524,5319,187,116,0,0,1005,367,0,1821,470,4,972,21,174,182
67,BAS-RHIN,46,BISCHWILLER,5487,3427,3198,112,0,0,0,0,0,559,0,1570,63,647,0,247,0
67,BAS-RHIN,180,HAGUENAU,18389,12195,11481,333,0,0,0,0,0,2200,0,6258,174,1685,0,831,0
67,BAS-RHIN,204,HOENHEIM,7182,4675,4518,149,80,0,0,1017,372,0,1067,769,16,696,16,180,156
67,BAS-RHIN,218,ILLKIRCH-GRAFFENSTADEN,15454,9728,9394,132,110,1441,0,0,997,0,0,4230,0,1597,0,440,447
67,BAS-RHIN,267,LINGOLSHEIM,11646,6795,6461,138,124,852,0,0,886,0,0,2576,0,994,0,491,400
67,BAS-RHIN,348,OBERNAI,6519,4226,3980,85,0,701,0,0,376,0,1857,0,0,740,0,0,221
67,BAS-RHIN,365,OSTWALD,6791,4218,4032,78,66,580,0,0,444,0,0,1490,0,788,0,358,228
67,BAS-RHIN,437,SAVERNE,6179,4311,4102,62,0,322,0,0,370,0,2399,0,0,755,0,0,194
67,BAS-RHIN,447,SCHILTIGHEIM,17601,10368,10055,269,142,0,0,4322,752,0,1203,1213,16,1514,20,291,313
67,BAS-RHIN,462,SELESTAT,11036,7754,7338,110,0,3131,0,0,633,0,2433,0,0,749,0,0,282
67,BAS-RHIN,482,STRASBOURG,127914,77870,75000,2175,1333,10508,0,3232,5993,3934,25320,4310,470,10527,77,4092,3029
68,HAUT-RHIN,63,CERNAY,6410,4155,3880,88,110,802,0,0,635,0,0,1013,128,1011,0,0,93
68,HAUT-RHIN,66,COLMAR,36585,24398,23193,510,0,3065,0,0,3653,0,5026,7558,0,3381,0,0,0
68,HAUT-RHIN,112,GUEBWILLER,6629,4537,4289,81,101,955,0,0,822,0,0,1425,155,657,0,0,93
68,HAUT-RHIN,154,ILLZACH,9404,6077,5795,115,355,656,0,0,0,445,2792,0,0,1079,0,0,353
68,HAUT-RHIN,166,KINGERSHEIM,7528,5163,4927,105,151,1581,0,0,0,324,1735,0,0,834,0,0,197
68,HAUT-RHIN,224,MULHOUSE,57249,36025,34363,803,1046,7315,0,256,2317,756,11473,0,342,7710,785,0,1560
68,HAUT-RHIN,271,RIEDISHEIM,8659,5697,5391,123,0,568,0,133,802,0,0,2466,0,703,0,372,224
68,HAUT-RHIN,278,RIXHEIM,8110,5410,5173,90,0,477,0,123,957,0,0,2218,0,730,0,362,216
68,HAUT-RHIN,297,SAINT-LOUIS,10792,6776,6485,118,0,761,0,366,499,0,0,3399,0,765,0,355,222
68,HAUT-RHIN,375,WITTELSHEIM,7024,4820,4510,299,186,1016,0,0,656,0,0,994,152,1056,0,0,151
68,HAUT-RHIN,376,WITTENHEIM,8962,5966,5676,289,553,1214,0,0,0,374,2015,0,0,939,0,0,292
69,RHONE,27,BRIGNAIS,5733,4116,3970,231,0,446,0,0,0,426,1546,761,0,500,0,0,60
69,RHONE,29,BRON,20360,14205,13767,747,213,3608,0,143,0,1072,4613,0,0,2913,0,0,458
69,RHONE,34,CALUIRE-ET-CUIRE,27379,18829,18049,895,0,2835,0,0,2320,0,8680,0,0,2687,0,0,632
69,RHONE,81,ECULLY,12173,8301,7924,235,0,955,0,0,1053,0,4366,0,0,1178,0,0,137
69,RHONE,89,FRANCHEVILLE,7924,5508,5307,186,77,1318,0,0,582,0,0,2320,0,640,19,0,165
69,RHONE,91,GIVORS,10680,6491,6264,2002,115,620,0,0,0,543,0,1896,0,1081,0,0,7
69,RHONE,123,LYON,237391,158191,152205,8258,2787,16362,5003,1489,3708,9460,43314,11073,21129,24410,105,0,5107
69,RHONE,149,OULLINS,15422,10620,10190,1072,200,1971,0,0,987,0,0,4287,0,1241,35,0,397
69,RHONE,152,PIERRE-BENITE,5087,3260,3124,1024,67,334,0,0,238,0,0,816,0,503,10,0,132
69,RHONE,199,SAINT-FONS,7178,4544,4310,716,164,936,0,0,265,0,0,917,0,1066,0,0,246
69,RHONE,202,SAINTE-FOY-LES-LYON,13768,9941,9583,381,154,1514,0,0,1067,0,0,4857,0,1271,50,0,289
69,RHONE,204,SAINT-GENIS-LAVAL,11895,8176,7869,438,0,1072,0,0,0,1038,1818,2225,0,1133,0,0,145
69,RHONE,243,TARARE,6589,4112,3884,180,107,0,0,466,278,0,2174,0,62,476,0,0,141
69,RHONE,244,TASSIN-LA-DEMI-LUNE,10110,7050,6832,244,96,1023,0,0,736,0,0,3561,0,942,40,0,190
69,RHONE,256,VAULX-EN-VELIN,16736,9587,9202,1755,348,1543,0,74,0,656,1990,0,0,2379,0,0,457
69,RHONE,259,VENISSIEUX,28259,17674,16814,4644,683,2336,0,0,1012,0,0,3487,0,3554,0,0,1098
69,RHONE,264,VILLEFRANCHE-SUR-SAONE,14789,9724,9348,780,156,0,711,0,0,717,2804,1113,548,2244,0,0,275
69,RHONE,266,VILLEURBANNE,61785,41296,39672,2440,1323,7676,0,4488,3072,0,0,11970,362,7182,0,0,1159
69,RHONE,275,DECINES-CHARPIEU,13153,8812,8433,658,188,2043,0,0,703,0,1929,0,751,1844,0,0,317
69,RHONE,277,GENAS,6254,4515,4337,210,60,687,0,0,422,0,1113,0,833,884,0,0,128
69,RHONE,282,MEYZIEU,17101,11505,11093,816,208,2378,0,0,878,0,2471,0,1327,2626,0,0,389
69,RHONE,283,MIONS,5518,3726,3529,324,99,640,0,0,0,505,0,1114,0,830,0,0,17
69,RHONE,286,RILLIEUX-LA-PAPE,16643,10106,9671,535,227,1885,0,194,0,676,3381,0,0,2415,0,0,358
69,RHONE,290,SAINT-PRIEST,22920,14909,14314,1103,306,3149,0,0,1094,0,3320,0,643,4104,0,0,595
70,HAUTE-SAONE,285,HERICOURT,6055,4366,4089,194,100,1993,0,0,0,229,858,0,0,594,0,0,121
70,HAUTE-SAONE,550,VESOUL,9623,6893,6402,641,160,1130,0,0,429,0,0,3116,0,701,0,0,225
71,SAONE-ET-LOIRE,14,AUTUN,11358,8151,7616,282,137,2373,0,0,492,0,0,3085,83,985,0,0,179
71,SAONE-ET-LOIRE,76,CHALON-SUR-SAONE,31259,20409,19436,1315,377,3509,0,0,1216,0,284,9930,0,2304,0,0,501
71,SAONE-ET-LOIRE,153,LE CREUSOT,17765,11915,11232,926,184,3387,0,0,575,0,0,4588,128,1069,0,0,375
71,SAONE-ET-LOIRE,176,DIGOIN,6309,4132,3941,799,0,958,0,0,128,0,1537,0,65,348,0,0,106
71,SAONE-ET-LOIRE,230,GUEUGNON,6593,4734,4450,395,0,1447,0,0,136,0,2024,0,49,258,0,0,141
71,SAONE-ET-LOIRE,270,MACON,20619,12777,12051,797,0,2423,0,0,1106,0,3099,3071,76,1162,0,0,317
71,SAONE-ET-LOIRE,306,MONTCEAU-LES-MINES,16955,10001,9498,797,111,2057,0,0,242,0,743,2321,2050,932,0,0,245
71,SAONE-ET-LOIRE,342,PARAY-LE-MONIAL,7233,4811,4567,354,0,723,0,0,214,0,2728,0,111,291,0,0,146
71,SAONE-ET-LOIRE,486,SAINT-VALLIER,6907,4590,4300,748,69,851,0,0,139,0,401,730,739,470,0,0,153
72,SARTHE,3,ALLONNES,8402,5521,5166,1548,265,392,0,0,272,0,0,2008,0,446,0,0,235
72,SARTHE,132,LA FERTE-BERNARD,6392,4235,3901,182,82,944,0,0,0,244,873,0,1087,324,0,0,165
72,SARTHE,154,LA FLECHE,10629,7713,7267,245,0,2137,0,0,0,441,929,2839,0,438,0,0,238
72,SARTHE,181,LE MANS,99784,64354,59882,4913,8436,9591,0,0,1962,2961,7157,13849,3623,5099,0,0,2291
72,SARTHE,264,SABLE-SUR-SARTHE,8490,5940,5681,145,256,577,0,0,290,0,0,3901,0,318,0,0,194
73,SAVOIE,8,AIX-LES-BAINS,16466,11167,10733,371,0,2590,0,0,0,587,4016,1219,0,1631,73,0,246
73,SAVOIE,11,ALBERTVILLE,10263,6424,6173,707,0,578,0,0,410,0,0,3400,131,805,0,0,142
73,SAVOIE,65,CHAMBERY,29165,18760,17889,1255,392,3787,0,0,1199,766,2222,4846,471,2393,72,0,486
73,SAVOIE,179,LA MOTTE-SERVOLEX,6277,4515,4239,215,0,801,0,0,0,490,1377,571,0,610,32,0,143
73,SAVOIE,248,SAINT-JEAN-DE-MAURIENNE,4966,3052,2936,169,61,816,0,0,204,0,0,1000,276,351,0,0,59
74,HAUTE-SAVOIE,10,ANNECY,28814,18493,17690,804,107,2690,0,697,1551,742,7393,1010,375,2234,0,0,87
74,HAUTE-SAVOIE,11,ANNECY-LE-VIEUX,12050,8341,8006,252,108,1095,0,0,0,1155,1689,2975,0,732,0,0,0
74,HAUTE-SAVOIE,12,ANNEMASSE,13519,8290,7976,334,0,0,0,1959,846,0,3398,0,0,1439,0,0,0
74,HAUTE-SAVOIE,42,BONNEVILLE,4910,3441,3269,149,0,397,0,0,0,282,1046,144,472,660,0,0,119
74,HAUTE-SAVOIE,56,CHAMONIX-MONT-BLANC,7173,4062,3906,102,0,347,0,0,0,475,1061,320,1008,453,0,0,140
74,HAUTE-SAVOIE,81,CLUSES,8229,5530,5331,231,0,443,0,0,0,393,508,424,1685,1512,0,0,135
74,HAUTE-SAVOIE,93,CRAN-GEVRIER,8265,5401,5060,292,0,1039,0,306,781,0,1798,0,81,707,0,0,56
74,HAUTE-SAVOIE,133,GAILLARD,5106,3180,3055,123,0,0,0,667,378,0,1356,0,0,531,0,0,0
74,HAUTE-SAVOIE,208,PASSY,5678,3589,3375,414,0,412,0,0,0,314,782,356,395,568,0,0,134
74,HAUTE-SAVOIE,225,RUMILLY,5452,3695,3497,138,77,483,0,0,0,529,644,1104,0,522,0,0,0
74,HAUTE-SAVOIE,256,SALLANCHES,7617,4983,4780,201,0,525,0,0,0,464,867,1189,611,795,0,0,128
74,HAUTE-SAVOIE,268,SEYNOD,8065,5662,5332,293,0,895,0,299,883,0,2085,0,105,715,0,0,57
74,HAUTE-SAVOIE,281,THONON-LES-BAINS,18695,12085,11504,612,0,1881,0,0,1513,0,0,4261,1442,1601,0,194,0
75,PARIS,100,PARIS,1151416,764587,741327,39306,17105,126325,7418,7996,34129,37067,82795,277763,8205,82196,6059,0,14963
76,SEINE-MARITIME,57,BARENTIN,8163,5596,5204,691,162,1846,0,42,0,577,0,1229,0,522,0,0,135
76,SEINE-MARITIME,95,BIHOREL,6802,4865,4629,261,0,1005,0,0,0,489,1984,0,200,584,0,0,106
76,SEINE-MARITIME,108,BOIS-GUILLAUME,8260,6003,5781,196,0,959,0,0,0,509,2971,0,400,603,0,0,143
76,SEINE-MARITIME,114,BOLBEC,8132,5472,5179,987,204,1051,0,0,260,0,0,1678,64,556,0,0,379
76,SEINE-MARITIME,157,CANTELEU,8530,5881,5538,1198,121,1016,0,60,0,506,0,1710,0,788,0,0,139
76,SEINE-MARITIME,165,CAUDEBEC-LES-ELBEUF,6582,4026,3790,345,192,777,0,0,0,217,1082,0,68,885,0,0,224
76,SEINE-MARITIME,212,DARNETAL,5545,3582,3362,719,0,638,0,0,0,247,912,0,159,491,0,0,196
76,SEINE-MARITIME,216,DEVILLE-LES-ROUEN,7615,4558,4308,406,0,1293,0,0,0,416,833,0,771,501,0,0,88
76,SEINE-MARITIME,217,DIEPPE,24364,16272,15610,3389,427,2751,0,0,934,0,0,6283,0,1277,0,0,549
76,SEINE-MARITIME,231,ELBEUF,8636,5707,5409,439,214,1254,0,0,0,348,1495,0,91,1303,0,0,265
76,SEINE-MARITIME,259,FECAMP,14594,10069,9719,565,0,4105,0,0,0,354,3434,0,0,999,0,0,262
76,SEINE-MARITIME,305,GONFREVILLE-L'ORCHER,6610,4539,4345,1918,153,416,0,0,264,0,0,666,33,494,0,0,401
76,SEINE-MARITIME,319,GRAND-COURONNE,6406,4318,4090,1281,117,804,0,0,0,213,969,0,49,501,0,0,156
76,SEINE-MARITIME,322,LE GRAND-QUEVILLY,19856,15022,13803,1276,596,5208,0,0,0,951,2666,0,148,1894,0,0,1064
76,SEINE-MARITIME,341,HARFLEUR,5714,4101,3855,1050,125,546,0,0,349,0,0,1086,42,455,0,0,202
76,SEINE-MARITIME,351,LE HAVRE,123173,78416,74697,15911,1991,10116,0,0,3384,2249,8379,16474,370,12099,0,0,3724
76,SEINE-MARITIME,384,LILLEBONNE,6250,4156,4028,216,81,1742,0,0,222,0,0,1177,28,337,0,0,225
76,SEINE-MARITIME,410,MAROMME,8208,5457,5206,1962,109,633,0,35,0,318,0,1449,0,497,0,0,203
76,SEINE-MARITIME,447,MONTIVILLIERS,11481,8006,7656,1035,0,2442,0,0,0,538,2555,0,0,870,0,0,216
76,SEINE-MARITIME,451,MONT-SAINT-AIGNAN,13052,8955,8690,399,0,1648,0,0,0,968,3812,0,945,737,0,0,181
76,SEINE-MARITIME,484,OISSEL,7192,4754,4489,1405,200,637,0,0,505,0,905,0,102,735,0,0,0
76,SEINE-MARITIME,498,LE PETIT-QUEVILLY,12177,8089,7654,1141,371,2506,0,0,597,0,1402,0,166,1225,0,0,246
76,SEINE-MARITIME,540,ROUEN,57754,38886,37477,2282,879,6771,0,170,3375,0,16925,0,1452,4704,0,0,919
76,SEINE-MARITIME,575,SAINT-ETIENNE-DU-ROUVRAY,17146,11542,11023,4153,455,1446,0,0,792,0,1935,0,212,1726,0,0,304
76,SEINE-MARITIME,681,SOTTEVILLE-LES-ROUEN,20141,14251,13548,1680,496,3753,0,0,1176,0,4160,0,472,1487,0,0,324
76,SEINE-MARITIME,758,YVETOT,7907,5408,5099,278,0,1694,0,0,0,397,0,2110,0,440,0,0,180
77,SEINE-ET-MARNE,14,AVON,8256,5569,5328,264,98,777,0,77,570,0,0,2609,0,743,101,0,89
77,SEINE-ET-MARNE,53,BRIE-COMTE-ROBERT,6757,4555,4323,233,97,934,0,0,0,467,663,1062,32,667,1,0,167
77,SEINE-ET-MARNE,83,CHAMPS-SUR-MARNE,11125,6894,6582,938,174,958,0,83,853,0,1537,587,64,995,152,0,241
77,SEINE-ET-MARNE,108,CHELLES,26686,17827,16886,1327,273,3112,0,0,0,1221,0,6852,94,2851,493,0,663
77,SEINE-ET-MARNE,118,CLAYE-SOUILLY,5840,4115,3935,246,84,648,0,0,0,339,0,1572,32,700,122,0,192
77,SEINE-ET-MARNE,122,COMBS-LA-VILLE,11402,7786,7384,500,150,1463,0,0,0,1082,1139,1428,60,1221,7,0,334
77,SEINE-ET-MARNE,131,COULOMMIERS,7799,4891,4672,295,166,607,0,0,308,0,0,2335,94,693,77,0,97
77,SEINE-ET-MARNE,152,DAMMARIE-LES-LYS,11540,7385,7143,654,289,897,0,0,0,613,0,3479,67,939,2,0,203
77,SEINE-ET-MARNE,186,FONTAINEBLEAU,10517,6786,6572,181,86,723,0,96,556,0,0,3836,0,885,86,0,123
77,SEINE-ET-MARNE,243,LAGNY-SUR-MARNE,10852,6724,6469,386,148,987,0,0,0,655,0,2578,55,1084,222,0,354
77,SEINE-ET-MARNE,258,LOGNES,4808,2922,2787,165,69,842,0,33,307,0,670,215,20,301,70,0,95
77,SEINE-ET-MARNE,284,MEAUX,22129,14461,13851,820,354,2904,0,0,252,616,636,4921,128,2446,310,0,464
77,SEINE-ET-MARNE,285,LE MEE-SUR-SEINE,11430,7050,6767,394,352,1034,0,0,0,793,0,2503,92,1323,7,0,269
77,SEINE-ET-MARNE,288,MELUN,18955,11426,10965,605,406,1421,0,0,575,543,2151,2470,139,2129,9,0,517
77,SEINE-ET-MARNE,294,MITRY-MORY,9993,6606,6340,1915,106,523,0,0,0,470,373,1268,75,1225,169,0,216
77,SEINE-ET-MARNE,296,MOISSY-CRAMAYEL,6141,3907,3675,342,109,808,0,0,0,455,422,583,36,720,5,0,195
77,SEINE-ET-MARNE,305,MONTEREAU-FAULT-YONNE,8446,5451,5186,1092,169,648,0,0,299,0,1820,0,43,867,14,0,234
77,SEINE-ET-MARNE,333,NEMOURS,6196,4047,3896,271,74,492,0,72,292,0,0,1877,0,678,63,0,77
77,SEINE-ET-MARNE,337,NOISIEL,7088,4375,4200,310,124,1120,0,32,504,0,893,311,38,647,87,0,134
77,SEINE-ET-MARNE,350,OZOIR-LA-FERRIERE,10118,6847,6535,412,157,1035,0,42,712,0,2057,553,54,1093,163,0,257
77,SEINE-ET-MARNE,373,PONTAULT-COMBAULT,14952,10600,10172,658,179,2738,0,0,0,987,1063,2443,71,1620,19,0,394
77,SEINE-ET-MARNE,379,PROVINS,6291,4042,3822,272,0,720,0,0,274,0,0,1713,0,704,0,0,139
77,SEINE-ET-MARNE,390,ROISSY-EN-BRIE,10649,6596,6257,429,144,1594,0,34,666,0,1187,644,43,1145,173,0,198
77,SEINE-ET-MARNE,407,SAINT-FARGEAU-PONTHIERRY,7056,4778,4637,197,239,574,0,0,0,502,0,2211,60,691,1,0,162
77,SEINE-ET-MARNE,445,SAVIGNY-LE-TEMPLE,9738,6658,6404,433,385,1571,0,0,0,797,0,1919,51,985,5,0,258
77,SEINE-ET-MARNE,468,TORCY,8896,5583,5364,423,123,1069,0,53,587,0,1559,595,21,632,136,0,166
77,SEINE-ET-MARNE,479,VAIRES-SUR-MARNE,7725,5212,4995,371,82,964,0,0,0,513,0,1776,21,888,151,0,229
77,SEINE-ET-MARNE,514,VILLEPARISIS,10750,6712,6467,829,125,1040,0,0,0,517,0,2088,35,1326,231,0,276
78,YVELINES,5,ACHERES,9103,6004,5793,1793,88,529,0,0,0,442,0,1739,91,816,124,0,171
78,YVELINES,15,ANDRESY,8338,5809,5629,160,57,1365,0,0,0,454,2383,0,78,847,68,0,217
78,YVELINES,29,AUBERGENVILLE,6055,4008,3831,195,123,529,0,0,0,342,0,1559,0,821,120,0,142
78,YVELINES,73,BOIS-D'ARCY,6848,4945,4710,269,98,899,0,0,0,281,682,1195,420,607,132,0,127
78,YVELINES,123,CARRIERES-SOUS-POISSY,5190,3530,3374,204,68,461,0,34,338,0,0,1319,0,720,82,0,148
78,YVELINES,124,CARRIERES-SUR-SEINE,6470,4470,4308,335,82,589,0,0,558,0,1815,0,0,695,124,0,110
78,YVELINES,126,LA CELLE-SAINT-CLOUD,15130,10101,9844,361,0,1363,0,0,0,951,4017,1263,175,1025,129,0,560
78,YVELINES,138,CHANTELOUP-LES-VIGNES,3504,2462,2388,109,25,529,0,0,0,99,1127,0,19,375,31,0,74
78,YVELINES,146,CHATOU,18555,12608,12214,449,200,1638,0,0,1197,0,6677,0,0,1550,237,0,266
78,YVELINES,158,LE CHESNAY,20377,13328,13078,308,0,1413,0,0,0,901,5243,3054,384,1223,110,0,442
78,YVELINES,165,LES CLAYES-SOUS-BOIS,10729,7151,6842,1257,117,994,0,106,726,0,0,2559,0,769,135,0,179
78,YVELINES,172,CONFLANS-SAINTE-HONORINE,20136,13982,13542,672,189,4963,0,0,0,707,4037,0,190,1984,256,0,544
78,YVELINES,190,CROISSY-SUR-SEINE,5995,4299,4193,105,44,491,0,0,465,0,2554,0,0,415,49,0,70
78,YVELINES,208,ELANCOURT,12666,9015,8630,429,165,2279,0,0,0,586,1384,1525,899,932,182,0,249
78,YVELINES,242,FONTENAY-LE-FLEURY,8177,5404,5155,341,87,878,0,0,0,416,1008,1108,472,606,94,0,145
78,YVELINES,297,GUYANCOURT,9971,7107,6794,520,357,1777,0,0,0,857,0,2119,166,712,138,0,148
78,YVELINES,311,HOUILLES,17889,12289,11842,1731,231,1660,0,0,1291,0,4640,0,0,1782,208,0,299
78,YVELINES,335,LIMAY,6888,4742,4527,691,134,715,0,33,198,0,0,1162,217,1107,133,0,137
78,YVELINES,358,MAISONS-LAFFITTE,15315,10507,10212,258,144,1110,0,0,709,0,2176,3482,777,1214,89,0,253
78,YVELINES,361,MANTES-LA-JOLIE,19062,11073,10653,685,342,1888,0,45,574,0,0,3082,730,2747,281,0,279
78,YVELINES,362,MANTES-LA-VILLE,11305,7614,7213,896,203,1418,0,43,355,0,0,1963,321,1606,204,0,204
78,YVELINES,372,MARLY-LE-ROI,11239,8286,8018,305,142,1422,0,0,847,0,4260,0,0,776,118,0,148
78,YVELINES,383,MAUREPAS,13748,8981,8556,704,0,1537,0,0,1080,0,3660,0,0,1183,0,0,392
78,YVELINES,418,MONTESSON,8026,5506,5268,345,132,793,0,0,471,0,830,1577,215,598,104,0,203
78,YVELINES,423,MONTIGNY-LE-BRETONNEUX,17126,12782,12165,624,365,2603,0,0,0,1705,0,4608,479,1154,315,0,312
78,YVELINES,440,LES MUREAUX,13367,8410,8040,741,322,1318,0,0,0,648,0,2464,0,1997,283,0,267
78,YVELINES,481,LE PECQ,11797,7791,7525,264,110,1153,0,0,0,697,0,4140,186,771,5,0,199
78,YVELINES,490,PLAISIR,15259,10011,9511,559,192,1876,0,171,1147,0,0,4111,0,1015,210,0,230
78,YVELINES,498,POISSY,20117,14306,13782,795,210,2138,0,216,1211,0,0,6100,0,2223,253,0,636
78,YVELINES,517,RAMBOUILLET,16078,11405,10825,686,0,1715,0,0,1098,0,5149,0,0,1589,0,0,588
78,YVELINES,545,SAINT-CYR-L'ECOLE,9143,6316,6029,956,121,1011,0,0,0,456,871,950,637,747,42,0,238
78,YVELINES,551,SAINT-GERMAIN-EN-LAYE,26510,17823,17251,528,240,2155,0,0,0,1338,0,10246,489,1671,244,0,340
78,YVELINES,586,SARTROUVILLE,25895,17602,16962,1820,499,2421,0,0,1159,0,5078,2086,514,2486,263,0,636
78,YVELINES,621,TRAPPES,11125,7224,6907,1270,187,1231,0,0,0,422,1290,561,394,1137,189,0,226
78,YVELINES,624,TRIEL-SUR-SEINE,6783,4807,4677,192,64,957,0,0,0,286,2176,0,97,720,61,0,124
78,YVELINES,640,VELIZY-VILLACOUBLAY,15446,10327,9849,698,0,1472,0,0,0,1096,0,5040,0,1154,9,0,380
78,YVELINES,642,VERNEUIL-SUR-SEINE,8621,5864,5657,305,76,1310,0,0,0,431,2354,0,98,801,116,0,166
78,YVELINES,646,VERSAILLES,56980,40596,39419,1220,391,4711,0,0,0,2912,0,22464,1565,5053,521,0,582
78,YVELINES,650,LE VESINET,11866,8310,8087,106,83,735,0,0,484,0,1639,3541,413,818,58,0,210
78,YVELINES,686,VIROFLAY,11005,7603,7330,287,178,1326,0,0,0,827,0,3470,251,791,96,0,104
78,YVELINES,688,VOISINS-LE-BRETONNEUX,6652,5064,4856,184,0,756,0,0,0,764,0,2495,0,465,81,0,111
79,DEUX-SEVRES,49,BRESSUIRE,12727,9493,8909,182,0,1100,0,0,1002,0,3396,2481,0,508,0,0,240
79,DEUX-SEVRES,191,NIORT,39169,26124,24777,1353,678,6819,0,0,0,2248,10789,0,0,1425,0,0,1465
79,DEUX-SEVRES,202,PARTHENAY,7927,5729,5297,189,0,1800,0,0,419,0,2420,0,0,321,0,0,148
79,DEUX-SEVRES,329,THOUARS,7626,5283,4997,348,0,1330,0,0,485,0,1217,1137,0,316,0,0,164
80,SOMME,1,ABBEVILLE,17437,12425,11487,1711,0,2419,0,0,0,478,0,3751,1379,1020,0,0,729
80,SOMME,16,ALBERT,7625,5563,5304,629,139,688,0,0,304,0,0,3004,0,350,0,0,190
80,SOMME,21,AMIENS,74348,49036,46911,5792,1272,6031,0,0,2551,1238,18273,0,3110,6685,0,0,1959
81,TARN,4,ALBI,32048,22336,20828,1799,114,5618,0,0,1280,406,1822,6903,0,2054,95,0,737
81,TARN,60,CARMAUX,8582,6181,5749,749,116,2464,0,0,0,352,1395,0,0,325,136,0,212
81,TARN,65,CASTRES,29909,21097,19652,1368,0,0,4376,0,0,1505,0,8108,0,3068,0,0,1227
81,TARN,99,GAILLAC,7966,5775,5448,260,0,1853,0,0,349,0,0,2165,0,670,0,0,151
81,TARN,105,GRAULHET,8754,6516,6042,404,0,1741,0,0,299,0,0,2061,0,1277,0,0,260
81,TARN,163,MAZAMET,8276,6141,5821,291,0,1148,0,0,258,0,868,2151,0,930,0,0,175
82,TARN-ET-GARONNE,33,CASTELSARRASIN,8330,5889,5448,827,113,0,1274,0,0,421,1200,0,682,719,0,0,212
82,TARN-ET-GARONNE,112,MOISSAC,8833,6244,5832,333,71,0,1627,0,0,496,1583,0,529,991,0,0,202
82,TARN-ET-GARONNE,121,MONTAUBAN,34424,25398,24138,1314,699,6109,0,303,1748,0,5284,5261,0,2602,0,0,818
83,VAR,23,BRIGNOLES,7514,5096,4860,827,0,452,0,0,290,0,2353,0,17,769,0,0,152
83,VAR,47,LA CRAU,7864,5374,5124,386,0,470,0,0,0,373,1377,0,1127,1202,0,0,189
83,VAR,50,DRAGUIGNAN,19880,13506,12800,997,0,2279,0,0,0,1052,0,4948,0,2881,131,0,512
83,VAR,61,FREJUS,26855,17634,17033,603,0,1994,0,0,816,0,8701,0,907,3578,0,0,434
83,VAR,62,LA GARDE,15943,10483,9990,1612,0,1060,0,0,0,869,2608,0,1384,2054,0,0,403
83,VAR,69,HYERES,32678,21752,20843,1149,0,1952,0,0,0,1623,5131,0,6335,3985,0,0,668
83,VAR,90,OLLIOULES,7423,4575,4322,538,0,488,0,0,371,0,1581,0,21,938,0,0,385
83,VAR,98,LE PRADET,7140,5097,4905,288,0,1052,0,0,0,367,1262,0,816,986,0,0,134
83,VAR,107,ROQUEBRUNE-SUR-ARGENS,6786,4673,4504,210,0,636,0,0,257,0,2092,0,254,923,0,0,132
83,VAR,115,SAINTE-MAXIME,7360,5054,4893,159,0,759,0,0,0,304,0,2565,0,946,47,0,113
83,VAR,116,SAINT-MAXIMIN-LA-SAINTE-BAUME,6480,4330,4108,491,0,559,0,0,298,0,1753,0,24,817,0,0,166
83,VAR,118,SAINT-RAPHAEL,21551,14563,14073,494,0,1830,0,0,748,0,6582,0,833,3203,0,0,383
83,VAR,123,SANARY-SUR-MER,12295,7826,7480,521,0,737,0,0,504,0,3349,0,50,1721,0,0,598
83,VAR,126,LA SEYNE-SUR-MER,40744,24563,23760,6656,0,1593,0,0,1240,0,7062,0,93,4591,0,0,2525
83,VAR,129,SIX-FOURS-LES-PLAGES,22502,14484,13955,1321,0,1451,0,0,1056,0,5409,0,52,3364,0,0,1302
83,VAR,130,SOLLIES-PONT,5482,3860,3667,388,0,426,0,0,257,0,1549,0,13,887,0,0,147
83,VAR,137,TOULON,109514,69878,67028,6603,0,2817,3255,1317,2415,2454,24182,0,3636,18108,0,0,2241
83,VAR,144,LA VALETTE-DU-VAR,14429,9437,9027,765,0,918,0,0,0,686,2014,0,2428,1922,0,0,294
84,VAUCLUSE,3,APT,7385,4986,4760,302,0,969,0,0,0,409,1690,0,73,1073,0,95,149
84,VAUCLUSE,7,AVIGNON,53473,36670,34941,2290,337,6292,0,776,2938,0,0,8981,3158,7977,0,0,2192
84,VAUCLUSE,19,BOLLENE,9236,6169,5893,1395,0,1102,0,0,288,0,0,1569,0,1231,42,0,266
84,VAUCLUSE,31,CARPENTRAS,16556,10921,10361,599,0,989,0,632,0,759,0,4519,0,2531,0,0,332
84,VAUCLUSE,35,CAVAILLON,14303,9623,9051,885,0,1551,0,0,0,621,3117,0,97,2197,0,160,423
84,VAUCLUSE,54,L'ISLE-SUR-LA-SORGUE,10757,7186,6768,636,0,1266,0,0,0,667,1981,0,88,1672,0,131,327
84,VAUCLUSE,87,ORANGE,16190,11560,11031,559,0,2163,0,0,665,0,0,4451,0,2641,91,0,461
84,VAUCLUSE,89,PERTUIS,10554,7356,6987,751,0,1725,0,0,0,620,2120,0,72,1376,0,88,235
84,VAUCLUSE,92,LE PONTET,9726,6921,6551,381,90,945,0,89,559,0,0,1840,441,1681,0,0,525
84,VAUCLUSE,129,SORGUES,9789,6912,6599,1083,0,338,0,203,0,348,0,2837,0,1584,0,0,206
84,VAUCLUSE,138,VALREAS,6035,4568,4348,350,0,800,0,0,270,0,0,2173,0,598,24,0,133
85,VENDEE,47,CHALLANS,11593,7866,7318,322,0,1410,0,0,0,595,4038,0,0,631,0,0,322
85,VENDEE,60,CHATEAU-D'OLONNE,8350,5756,5340,251,0,952,0,0,0,529,0,2454,202,720,0,0,232
85,VENDEE,92,FONTENAY-LE-COMTE,9369,6604,6211,241,0,2056,0,0,444,0,2502,0,190,534,0,0,244
85,VENDEE,109,LES HERBIERS,9524,7267,6804,79,0,0,197,418,509,0,4144,0,933,298,35,0,191
85,VENDEE,128,LUCON,6640,4803,4445,244,0,1172,0,0,359,0,1877,0,212,398,0,0,183
85,VENDEE,191,LA ROCHE-SUR-YON,31663,22254,20743,1041,0,6000,0,0,0,2902,8695,0,0,1323,0,0,782
85,VENDEE,194,LES SABLES-D'OLONNE,13413,8454,8090,413,0,1394,0,0,0,597,0,3997,296,1124,0,0,269
86,VIENNE,66,CHATELLERAULT,24678,16433,15587,1454,321,3275,0,0,988,0,4512,3191,0,1444,0,0,402
86,VIENNE,194,POITIERS,44730,29281,27860,1348,1385,7429,0,0,1307,1303,4340,7982,147,1918,0,0,701
87,HAUTE-VIENNE,85,LIMOGES,84110,62890,58126,3896,4577,14444,0,0,2798,2292,3316,20340,0,4750,0,0,1713
87,HAUTE-VIENNE,154,SAINT-JUNIEN,8696,6420,6019,421,2475,535,0,0,0,331,0,1784,0,327,0,0,146
88,VOSGES,160,EPINAL,22701,15340,14521,472,330,2024,0,0,1344,0,0,8476,0,1322,0,0,553
88,VOSGES,383,REMIREMONT,5916,3962,3688,106,94,705,0,0,0,320,0,0,1835,510,0,0,118
88,VOSGES,413,SAINT-DIE,15434,10299,9836,439,0,4265,0,174,0,456,0,0,3271,788,0,0,443
89,YONNE,24,AUXERRE,22630,14418,13713,837,678,1207,0,5206,939,0,2741,0,0,1673,0,0,432
89,YONNE,206,JOIGNY,6125,4046,3858,347,0,493,0,0,0,411,0,1739,181,687,0,0,0
89,YONNE,387,SENS,15415,10503,10054,2221,0,847,0,0,0,570,0,4139,338,1645,0,0,294
90,TERRITOIRE DE BELFORT,10,BELFORT,28430,18918,17883,802,425,5933,0,0,645,633,2053,3404,860,2481,0,0,647
91,ESSONNE,27,ATHIS-MONS,16232,11055,10607,770,238,3175,0,297,510,0,0,3450,134,1570,338,0,125
91,ESSONNE,103,BRETIGNY-SUR-ORGE,12046,8319,7992,727,200,1512,0,0,744,0,0,3356,83,909,195,0,266
91,ESSONNE,114,BRUNOY,16245,10959,10592,518,186,1823,0,0,0,872,733,1602,2936,1308,232,0,382
91,ESSONNE,122,BURES-SUR-YVETTE,5977,4355,4198,208,156,1003,0,0,0,534,1439,0,193,309,69,0,287
91,ESSONNE,161,CHILLY-MAZARIN,10623,7031,6697,341,197,1571,0,83,0,518,970,1654,50,910,159,0,244
91,ESSONNE,174,CORBEIL-ESSONNES,18973,12183,11695,3006,328,1180,0,147,796,0,0,0,3778,2017,403,0,40
91,ESSONNE,182,COURCOURONNES,6456,4566,4318,205,136,1083,0,105,558,0,0,0,1357,688,179,0,7
91,ESSONNE,200,DOURDAN,5469,4040,3906,184,85,1276,0,0,259,0,0,1395,32,524,67,0,84
91,ESSONNE,201,DRAVEIL,17726,11735,11250,874,204,2878,0,95,0,862,0,4029,62,1639,195,0,412
91,ESSONNE,215,EPINAY-SOUS-SENART,6641,4258,4108,248,68,942,0,32,0,361,0,1495,49,696,68,0,149
91,ESSONNE,216,EPINAY-SUR-ORGE,6326,4539,4330,299,93,653,0,174,0,522,1727,0,0,627,116,0,119
91,ESSONNE,223,ETAMPES,11853,7965,7673,1730,152,602,0,0,630,0,0,2923,0,1341,0,0,295
91,ESSONNE,228,EVRY,20944,13824,13235,728,458,3690,0,610,1433,0,0,0,3662,2099,518,0,37
91,ESSONNE,272,GIF-SUR-YVETTE,14566,10473,10158,398,246,1722,0,0,0,1219,4705,0,292,699,165,0,712
91,ESSONNE,286,GRIGNY,10143,6540,6305,1958,159,902,0,61,0,384,1018,438,35,1160,157,0,33
91,ESSONNE,312,IGNY,6656,4707,4509,468,139,693,0,46,0,525,743,966,41,568,125,0,195
91,ESSONNE,326,JUVISY-SUR-ORGE,8223,5534,5344,300,101,1293,0,272,348,0,0,2061,63,717,126,0,63
91,ESSONNE,345,LONGJUMEAU,12032,7751,7221,525,172,1177,0,251,0,642,2955,0,0,1073,190,0,236
91,ESSONNE,377,MASSY,22510,14882,14332,1129,455,3622,0,112,0,1525,2393,2446,140,1711,352,0,447
91,ESSONNE,386,MENNECY,7952,5365,5117,320,80,669,0,0,649,0,0,2345,0,837,0,0,217
91,ESSONNE,421,MONTGERON,14806,10057,9722,489,146,1860,0,0,0,1084,1152,2535,917,1102,151,0,286
91,ESSONNE,432,MORANGIS,6535,4434,4213,279,154,741,0,50,0,308,666,958,34,755,123,0,145
91,ESSONNE,434,MORSANG-SUR-ORGE,12132,8063,7725,1283,249,1311,0,84,0,573,2257,494,33,1111,246,0,84
91,ESSONNE,471,ORSAY,10360,7314,7068,332,254,1626,0,0,0,886,2577,0,316,572,107,0,398
91,ESSONNE,477,PALAISEAU,18543,13190,12578,1431,421,2026,0,187,0,1584,2038,2514,125,1392,330,0,530
91,ESSONNE,521,RIS-ORANGIS,15072,10353,10065,1774,117,2286,0,49,0,525,0,3360,50,1539,113,0,252
91,ESSONNE,549,SAINTE-GENEVIEVE-DES-BOIS,18856,12605,11946,1708,307,2410,0,139,0,1041,2819,1124,63,1792,302,0,241
91,ESSONNE,570,SAINT-MICHEL-SUR-ORGE,12423,8562,8180,684,274,1862,0,121,0,862,1973,892,50,1167,218,0,77
91,ESSONNE,589,SAVIGNY-SUR-ORGE,21741,15083,14578,1320,272,2743,0,450,974,0,0,6157,170,1852,459,0,181
91,ESSONNE,645,VERRIERES-LE-BUISSON,10780,7691,7459,304,158,1181,0,0,0,824,3795,0,133,614,103,0,347
91,ESSONNE,657,VIGNEUX-SUR-SEINE,15283,9320,8950,2243,172,1093,0,0,0,793,513,1832,323,1384,193,0,404
91,ESSONNE,661,VILLEBON-SUR-YVETTE,6181,4424,4176,223,84,527,0,403,0,457,1782,0,0,470,129,0,101
91,ESSONNE,687,VIRY-CHATILLON,16891,11644,11153,725,290,2163,0,426,704,0,0,4102,242,1889,455,0,157
91,ESSONNE,691,YERRES,18295,12683,12163,797,210,2419,0,0,0,1259,821,2838,1215,1672,228,0,704
91,ESSONNE,692,LES ULIS,11011,7784,7434,592,294,2034,0,0,0,874,1865,0,179,898,213,0,485
92,HAUTS-DE-SEINE,2,ANTONY,36749,26523,25516,2794,0,4258,0,528,0,2700,0,11689,0,2892,0,0,655
92,HAUTS-DE-SEINE,4,ASNIERES-SUR-SEINE,37314,25772,24918,1337,728,3253,0,0,0,2034,0,6566,5438,4459,76,0,1027
92,HAUTS-DE-SEINE,7,BAGNEUX,21150,13391,12922,3627,315,1804,0,184,0,1254,0,3641,0,1501,24,0,572
92,HAUTS-DE-SEINE,9,BOIS-COLOMBES,14392,10141,9719,508,196,1519,0,0,0,1056,4302,0,45,1716,50,0,327
92,HAUTS-DE-SEINE,12,BOULOGNE-BILLANCOURT,58032,39063,37707,1928,356,5627,0,12,3137,0,1153,19715,600,4273,0,0,906
92,HAUTS-DE-SEINE,14,BOURG-LA-REINE,12754,8669,8366,417,0,1606,0,174,0,912,0,4162,0,942,0,0,153
92,HAUTS-DE-SEINE,19,CHATENAY-MALABRY,17809,11584,11151,995,0,2920,0,244,0,1131,0,4301,0,1285,0,0,275
92,HAUTS-DE-SEINE,20,CHATILLON,15705,11250,10815,969,301,2034,0,351,914,0,4692,0,0,1287,0,0,267
92,HAUTS-DE-SEINE,22,CHAVILLE,12345,8441,8145,540,0,0,1695,173,0,734,1230,2318,133,1019,0,0,303
92,HAUTS-DE-SEINE,23,CLAMART,30899,21004,20299,1521,586,3429,0,627,1778,0,9257,0,0,2579,0,0,522
92,HAUTS-DE-SEINE,24,CLICHY,25172,15881,15368,1428,518,3824,0,0,0,1002,0,5011,464,2204,0,0,917
92,HAUTS-DE-SEINE,25,COLOMBES,44918,29539,28409,6246,836,2631,0,0,1426,1238,3078,3902,1844,5109,43,0,2056
92,HAUTS-DE-SEINE,26,COURBEVOIE,34737,24825,23993,1144,370,3625,0,0,0,2382,11976,0,120,3452,102,0,822
92,HAUTS-DE-SEINE,32,FONTENAY-AUX-ROSES,15096,10128,9787,683,236,1986,0,500,1076,0,3993,0,0,1105,0,0,208
92,HAUTS-DE-SEINE,33,GARCHES,11440,8110,7782,297,0,949,0,0,0,903,0,4292,250,820,38,0,233
92,HAUTS-DE-SEINE,35,LA GARENNE-COLOMBES,13664,9374,9027,513,152,1692,0,0,0,880,4049,0,43,1315,44,0,339
92,HAUTS-DE-SEINE,36,GENNEVILLIERS,19185,12368,11972,5456,354,859,0,0,666,0,1626,0,126,2229,0,0,656
92,HAUTS-DE-SEINE,40,ISSY-LES-MOULINEAUX,29377,19952,19304,1364,787,2770,0,246,1630,0,10269,0,0,1936,0,0,302
92,HAUTS-DE-SEINE,44,LEVALLOIS-PERRET,27392,19907,19282,1224,759,2953,0,0,0,1438,0,9118,716,2156,0,0,918
92,HAUTS-DE-SEINE,46,MALAKOFF,19559,12609,12192,4346,268,1556,0,208,0,946,0,3187,0,1210,13,0,458
92,HAUTS-DE-SEINE,48,MEUDON,29351,20328,19706,1291,131,481,2659,422,254,1653,5306,4732,239,1991,0,0,547
92,HAUTS-DE-SEINE,49,MONTROUGE,22632,15082,14524,1064,421,3244,0,382,0,1429,0,5901,0,1514,31,0,538
92,HAUTS-DE-SEINE,50,NANTERRE,38007,26519,25728,7283,496,3825,0,0,2023,0,0,7951,185,3223,0,0,742
92,HAUTS-DE-SEINE,51,NEUILLY-SUR-SEINE,35806,25666,25040,317,0,1791,0,0,0,1302,0,18049,357,2657,0,0,567
92,HAUTS-DE-SEINE,60,LE PLESSIS-ROBINSON,13118,8852,8537,1091,225,1331,0,306,656,0,3846,0,0,872,0,0,210
92,HAUTS-DE-SEINE,62,PUTEAUX,23271,16636,15938,950,0,1950,0,0,0,1372,0,8545,136,2263,0,0,722
92,HAUTS-DE-SEINE,63,RUEIL-MALMAISON,42219,30116,29066,1678,0,4205,0,0,0,3321,0,15624,581,2888,128,0,641
92,HAUTS-DE-SEINE,64,SAINT-CLOUD,19166,12916,12487,274,0,1673,0,0,0,1174,0,7346,399,1322,35,0,264
92,HAUTS-DE-SEINE,71,SCEAUX,13127,9553,9247,383,0,1778,0,145,0,914,0,4816,0,1023,0,0,188
92,HAUTS-DE-SEINE,72,SEVRES,13536,9846,9510,680,0,0,1597,218,0,1108,1514,3080,106,930,0,0,277
92,HAUTS-DE-SEINE,73,SURESNES,21292,14835,14313,1243,247,2855,0,0,1169,0,0,6694,187,1501,0,0,417
92,HAUTS-DE-SEINE,75,VANVES,15286,10962,10568,603,947,1658,0,161,1035,0,4879,0,0,1131,0,0,154
92,HAUTS-DE-SEINE,77,VILLE-D'AVRAY,7199,5413,5264,112,0,0,630,61,0,468,1460,1846,54,449,0,0,184
92,HAUTS-DE-SEINE,78,VILLENEUVE-LA-GARENNE,11604,7436,7224,1172,133,546,0,0,372,0,3057,0,48,1314,0,0,582
93,SEINE-SAINT-DENIS,1,AUBERVILLIERS,28999,16513,15908,4619,1073,1631,0,0,0,974,3270,0,155,3195,279,0,712
93,SEINE-SAINT-DENIS,5,AULNAY-SOUS-BOIS,38004,24028,23151,3286,530,2851,0,817,0,1748,0,6816,1179,4686,204,0,1034
93,SEINE-SAINT-DENIS,6,BAGNOLET,15936,9853,9539,2849,339,1311,0,0,833,0,2083,0,168,1559,27,59,311
93,SEINE-SAINT-DENIS,7,LE BLANC-MESNIL,24140,15540,15039,3616,429,1847,0,0,978,0,0,4182,0,2932,259,123,673
93,SEINE-SAINT-DENIS,8,BOBIGNY,19640,12271,11843,4401,377,1145,0,0,0,759,2084,0,192,2280,61,0,544
93,SEINE-SAINT-DENIS,10,BONDY,23555,15158,14602,1468,315,4112,0,0,0,909,3381,0,411,3174,175,0,657
93,SEINE-SAINT-DENIS,13,LE BOURGET,6576,4457,4251,443,159,457,0,0,0,234,1681,0,51,903,58,0,265
93,SEINE-SAINT-DENIS,14,CLICHY-SOUS-BOIS,9563,5430,5222,402,910,539,0,82,0,358,0,1361,133,1131,39,44,223
93,SEINE-SAINT-DENIS,27,LA COURNEUVE,14804,9224,8894,3455,384,729,0,0,0,426,1716,0,57,1635,139,0,353
93,SEINE-SAINT-DENIS,29,DRANCY,34463,21665,20891,7323,421,1625,0,0,0,1325,4620,0,266,4443,71,0,797
93,SEINE-SAINT-DENIS,31,EPINAY-SUR-SEINE,25652,15254,14741,1501,326,3400,0,0,1307,0,0,0,4730,2822,87,0,568
93,SEINE-SAINT-DENIS,32,GAGNY,21883,14223,13583,1063,285,0,2042,349,0,1234,0,5313,253,2528,0,0,516
93,SEINE-SAINT-DENIS,45,LES LILAS,11529,7989,7741,463,335,1575,0,0,672,0,3175,0,149,1149,17,33,173
93,SEINE-SAINT-DENIS,46,LIVRY-GARGAN,21989,15276,14555,936,452,2773,0,144,0,1098,0,4689,485,3052,144,42,740
93,SEINE-SAINT-DENIS,47,MONTFERMEIL,11004,7480,7233,718,169,808,0,63,0,429,0,3186,183,1349,53,26,249
93,SEINE-SAINT-DENIS,48,MONTREUIL,45335,29416,28374,8237,1277,2589,0,0,2641,0,0,8332,329,4031,278,0,660
93,SEINE-SAINT-DENIS,49,NEUILLY-PLAISANCE,10606,7354,7153,445,188,1006,0,95,557,0,0,3518,230,957,18,0,139
93,SEINE-SAINT-DENIS,50,NEUILLY-SUR-MARNE,16414,11350,10958,762,252,3934,0,65,720,0,0,2755,488,1658,43,0,281
93,SEINE-SAINT-DENIS,51,NOISY-LE-GRAND,26255,17184,16587,1274,435,2507,0,368,1668,0,0,3355,3858,2618,55,0,449
93,SEINE-SAINT-DENIS,53,NOISY-LE-SEC,19472,12078,11692,2603,255,1808,0,0,0,841,3004,0,414,2105,122,0,540
93,SEINE-SAINT-DENIS,55,PANTIN,22373,13714,13271,2064,519,2517,0,0,1302,0,3571,0,298,2403,51,100,446
93,SEINE-SAINT-DENIS,57,LES PAVILLONS-SOUS-BOIS,11027,6886,6613,401,130,1421,0,252,0,615,0,1771,318,1418,69,0,218
93,SEINE-SAINT-DENIS,59,PIERREFITTE-SUR-SEINE,10937,7307,7038,1897,314,759,0,0,0,360,1632,0,94,1611,50,0,321
93,SEINE-SAINT-DENIS,61,LE PRE-SAINT-GERVAIS,7307,5020,4842,357,192,1578,0,0,452,0,1264,0,106,736,16,26,115
93,SEINE-SAINT-DENIS,62,LE RAINCY,9196,6071,5879,162,120,729,0,85,0,504,0,3009,207,827,26,8,202
93,SEINE-SAINT-DENIS,63,ROMAINVILLE,12676,7809,7517,2203,181,1056,0,0,0,430,1533,0,238,1430,62,0,384
93,SEINE-SAINT-DENIS,64,ROSNY-SOUS-BOIS,21397,13761,13273,1164,251,0,1649,236,0,926,0,5984,251,2408,0,0,404
93,SEINE-SAINT-DENIS,66,SAINT-DENIS,36111,21396,20605,6018,1243,2161,0,0,113,1043,3646,0,486,4673,175,0,1047
93,SEINE-SAINT-DENIS,70,SAINT-OUEN,17608,11642,11195,3165,301,1338,0,0,887,0,0,0,2900,2049,49,0,506
93,SEINE-SAINT-DENIS,71,SEVRAN,20972,13152,12636,3220,195,914,0,0,0,905,0,3218,318,2649,715,85,417
93,SEINE-SAINT-DENIS,72,STAINS,15827,10011,9642,3517,266,768,0,0,508,0,0,2120,0,1783,155,123,402
93,SEINE-SAINT-DENIS,73,TREMBLAY-EN-FRANCE,18380,12254,11860,5071,140,509,0,0,0,615,0,2481,231,1811,612,39,351
93,SEINE-SAINT-DENIS,77,VILLEMOMBLE,16051,10973,10553,517,173,0,1628,231,0,846,0,4744,173,1894,0,0,347
93,SEINE-SAINT-DENIS,78,VILLEPINTE,13293,8907,8565,1685,94,1030,0,0,0,474,0,2467,384,1526,547,48,310
93,SEINE-SAINT-DENIS,79,VILLETANEUSE,4258,2661,2542,724,120,351,0,0,0,129,492,0,19,546,23,0,138
94,VAL-DE-MARNE,2,ALFORTVILLE,19192,13673,13197,1161,301,4660,0,1440,0,869,2601,0,86,1556,0,0,523
94,VAL-DE-MARNE,3,ARCUEIL,11672,7656,7295,2263,171,970,0,0,1017,0,0,1780,0,814,0,0,280
94,VAL-DE-MARNE,4,BOISSY-SAINT-LEGER,7757,5174,4941,339,124,0,1094,0,657,0,877,898,99,661,0,0,192
94,VAL-DE-MARNE,11,BONNEUIL-SUR-MARNE,7526,4798,4625,1919,56,375,0,29,0,322,0,0,1106,648,0,0,170
94,VAL-DE-MARNE,15,BRY-SUR-MARNE,9391,6503,6275,343,33,775,0,125,765,0,0,3213,0,883,0,0,138
94,VAL-DE-MARNE,16,CACHAN,13695,9594,9203,1224,207,1825,0,0,1275,0,0,3138,0,1200,0,0,334
94,VAL-DE-MARNE,17,CHAMPIGNY-SUR-MARNE,40153,25634,24858,7606,225,2526,0,259,1515,583,0,7977,0,3366,27,0,774
94,VAL-DE-MARNE,18,CHARENTON-LE-PONT,15061,10208,9859,443,230,1612,0,202,0,1007,4725,0,0,1378,0,0,262
94,VAL-DE-MARNE,19,CHENNEVIERES-SUR-MARNE,9505,6294,6031,425,54,709,0,31,0,529,1228,0,1604,1015,0,0,436
94,VAL-DE-MARNE,21,CHEVILLY-LARUE,9441,6596,6295,1043,236,967,0,145,0,637,0,2104,0,860,0,0,303
94,VAL-DE-MARNE,22,CHOISY-LE-ROI,18366,12081,11710,2932,599,1766,0,0,1096,0,0,3427,94,1616,0,0,180
94,VAL-DE-MARNE,28,CRETEIL,44934,28751,27720,1770,989,9246,0,79,1881,1033,0,5022,3604,3487,0,0,609
94,VAL-DE-MARNE,33,FONTENAY-SOUS-BOIS,31610,20262,19693,6514,264,1821,0,0,1642,0,0,6559,202,2362,74,0,255
94,VAL-DE-MARNE,34,FRESNES,13461,9021,8644,639,406,2198,0,174,0,837,0,2843,0,1174,0,0,373
94,VAL-DE-MARNE,37,GENTILLY,8950,6057,5853,1878,184,758,0,0,724,0,0,1493,0,636,0,0,180
94,VAL-DE-MARNE,38,L'HAY-LES-ROSES,17778,12432,11941,913,556,3261,0,230,0,1065,0,4024,0,1475,0,0,417
94,VAL-DE-MARNE,41,IVRY-SUR-SEINE,26025,17959,17509,8387,545,1753,0,0,1634,0,0,3161,0,1660,0,0,369
94,VAL-DE-MARNE,42,JOINVILLE-LE-PONT,10614,7558,7313,714,110,943,0,0,0,665,0,3359,0,1013,27,0,482
94,VAL-DE-MARNE,43,LE KREMLIN-BICETRE,10716,7431,7102,824,211,1370,0,0,954,0,0,2473,0,1086,0,0,184
94,VAL-DE-MARNE,44,LIMEIL-BREVANNES,8736,5751,5527,610,104,0,1012,0,599,0,951,1180,78,754,0,0,239
94,VAL-DE-MARNE,46,MAISONS-ALFORT,32689,22451,21564,1433,574,3092,0,299,0,2183,9506,0,0,3739,0,0,738
94,VAL-DE-MARNE,52,NOGENT-SUR-MARNE,17142,11962,11513,515,135,1425,0,0,0,1306,0,6002,0,1498,53,0,579
94,VAL-DE-MARNE,54,ORLY,10394,6885,6661,1293,1796,682,0,0,458,0,0,1293,52,978,0,0,109
94,VAL-DE-MARNE,55,ORMESSON-SUR-MARNE,6086,4339,4193,230,25,447,0,25,0,292,616,0,1892,517,0,0,149
94,VAL-DE-MARNE,58,LE PERREUX-SUR-MARNE,18634,12691,12317,713,66,1412,0,222,1150,0,0,6883,0,1646,0,0,225
94,VAL-DE-MARNE,59,LE PLESSIS-TREVISE,8287,6173,5940,377,42,617,0,46,0,610,1476,0,1470,962,0,0,340
94,VAL-DE-MARNE,60,LA QUEUE-EN-BRIE,6012,4284,4086,498,33,428,0,26,0,510,566,0,1279,508,0,0,238
94,VAL-DE-MARNE,67,SAINT-MANDE,12515,8910,8621,337,134,1124,0,0,887,0,0,4838,199,984,35,0,83
94,VAL-DE-MARNE,68,SAINT-MAUR-DES-FOSSES,46930,32669,31607,1419,392,3880,0,180,0,3015,0,5344,12449,3833,38,0,1057
94,VAL-DE-MARNE,69,SAINT-MAURICE,5636,3970,3838,198,92,574,0,81,0,457,1787,0,0,538,0,0,111
94,VAL-DE-MARNE,71,SUCY-EN-BRIE,15855,11288,10827,580,97,1448,0,69,0,1165,2539,0,2915,1453,0,0,561
94,VAL-DE-MARNE,73,THIAIS,14723,10224,9906,935,330,1277,0,190,0,793,0,4904,0,1143,0,0,334
94,VAL-DE-MARNE,74,VALENTON,5000,3381,3244,1091,90,0,438,0,218,0,278,427,16,542,0,0,144
94,VAL-DE-MARNE,76,VILLEJUIF,24912,16644,16063,5595,344,1810,0,0,1781,0,0,4147,0,1785,0,0,601
94,VAL-DE-MARNE,77,VILLENEUVE-LE-ROI,10395,7113,6882,2202,140,0,815,0,513,0,819,1156,26,990,0,0,221
94,VAL-DE-MARNE,78,VILLENEUVE-SAINT-GEORGES,14069,9371,9019,1395,176,0,2492,0,642,0,1351,1188,52,1480,0,0,243
94,VAL-DE-MARNE,79,VILLIERS-SUR-MARNE,13343,9011,8665,913,78,1605,0,155,0,832,1640,0,1603,1360,0,0,479
94,VAL-DE-MARNE,80,VINCENNES,27704,19222,18557,1118,373,2861,0,0,1960,0,0,9107,486,2316,52,0,284
94,VAL-DE-MARNE,81,VITRY-SUR-SEINE,40931,26733,25803,8376,831,3177,0,165,1011,1330,3794,2171,160,3720,0,0,1068
95,VAL-D'OISE,18,ARGENTEUIL,47274,30970,29814,6947,1312,3654,0,157,2286,0,0,7647,557,5765,521,0,968
95,VAL-D'OISE,19,ARNOUVILLE-LES-GONESSE,7804,5187,5000,463,134,885,0,0,0,297,367,1573,0,1046,38,35,162
95,VAL-D'OISE,63,BEZONS,13261,8335,8018,2300,232,863,0,45,660,0,0,1808,153,1540,139,0,278
95,VAL-D'OISE,127,CERGY,20528,13490,12981,603,612,3162,0,0,0,1712,4367,0,104,1873,0,0,548
95,VAL-D'OISE,176,CORMEILLES-EN-PARISIS,10864,7682,7387,1006,0,1076,0,0,779,0,1109,2055,0,1039,149,0,174
95,VAL-D'OISE,197,DEUIL-LA-BARRE,12534,8338,8039,492,0,1068,0,0,716,0,0,3671,335,1364,208,0,185
95,VAL-D'OISE,199,DOMONT,8564,6302,6075,398,31,1187,0,0,549,0,777,1575,133,1110,174,0,141
95,VAL-D'OISE,203,EAUBONNE,15581,10583,10163,590,160,0,1250,288,0,1147,4210,0,438,1488,149,0,443
95,VAL-D'OISE,210,ENGHIEN-LES-BAINS,6889,5008,4879,172,0,632,0,0,377,0,0,2681,176,717,34,0,90
95,VAL-D'OISE,218,ERAGNY,8502,5866,5611,429,208,1203,0,0,0,745,1833,0,44,878,0,0,271
95,VAL-D'OISE,219,ERMONT,16927,11519,11126,782,246,0,1430,202,0,1291,3918,0,516,1828,269,0,644
95,VAL-D'OISE,229,EZANVILLE,5614,3783,3648,273,40,638,0,0,334,0,513,900,62,679,115,0,94
95,VAL-D'OISE,250,FOSSES,5737,3921,3747,421,109,577,0,22,0,384,0,795,261,769,230,0,179
95,VAL-D'OISE,252,FRANCONVILLE,20744,13401,12836,799,209,0,1491,190,0,1258,5028,0,986,1893,291,0,691
95,VAL-D'OISE,268,GARGES-LES-GONESSE,13943,8710,8386,1949,235,1470,0,0,0,363,289,2406,0,1301,47,80,246
95,VAL-D'OISE,277,GONESSE,11481,7380,7121,502,149,1201,0,25,0,544,0,2078,711,1243,415,0,253
95,VAL-D'OISE,280,GOUSSAINVILLE,12115,8478,8210,1627,132,955,0,24,0,499,0,949,1888,1452,372,0,312
95,VAL-D'OISE,306,HERBLAY,13470,9458,9051,748,0,1491,0,0,1054,0,1311,2535,0,1479,212,0,221
95,VAL-D'OISE,313,L'ISLE-ADAM,7008,4934,4769,181,129,740,0,0,0,452,2355,0,59,685,0,0,168
95,VAL-D'OISE,323,JOUY-LE-MOUTIER,7611,5374,5139,253,216,1251,0,0,0,644,1663,0,50,809,0,0,253
95,VAL-D'OISE,424,MONTIGNY-LES-CORMEILLES,8867,6058,5817,1784,0,539,0,0,482,0,669,1244,0,878,103,0,118
95,VAL-D'OISE,427,MONTMAGNY,5768,3945,3789,422,0,603,0,0,382,0,0,1231,109,799,135,0,108
95,VAL-D'OISE,428,MONTMORENCY,13331,8982,8704,288,50,1471,0,0,733,0,1752,2839,166,1154,47,0,204
95,VAL-D'OISE,476,OSNY,7640,5604,5417,260,181,925,0,0,0,424,2530,0,37,838,0,0,222
95,VAL-D'OISE,487,PERSAN,4981,3179,3039,1000,101,277,0,41,0,228,518,0,82,671,7,0,114
95,VAL-D'OISE,500,PONTOISE,14663,9921,9474,569,184,1547,0,107,0,1080,3358,0,662,1605,18,0,344
95,VAL-D'OISE,539,SAINT-BRICE-SOUS-FORET,6197,4165,3994,336,44,668,0,0,420,0,481,1123,59,651,109,0,103
95,VAL-D'OISE,555,SAINT-GRATIEN,12729,8320,8001,701,0,1300,0,0,729,0,0,3174,278,1335,257,0,227
95,VAL-D'OISE,563,SAINT-LEU-LA-FORET,9525,6811,6557,349,123,0,643,93,0,1436,2308,0,267,849,104,0,385
95,VAL-D'OISE,572,SAINT-OUEN-L'AUMONE,9767,6376,6163,315,217,1907,0,0,0,419,1810,0,51,1198,0,0,246
95,VAL-D'OISE,582,SANNOIS,14034,9499,9074,814,0,1497,0,0,868,0,0,3349,254,1734,283,0,275
95,VAL-D'OISE,585,SARCELLES,26389,15536,14979,1256,378,3591,0,0,370,383,895,4721,33,2589,180,92,491
95,VAL-D'OISE,598,SOISY-SOUS-MONTMORENCY,10097,6673,6434,386,0,1036,0,0,646,0,0,2686,228,1155,149,0,148
95,VAL-D'OISE,607,TAVERNY,15858,10255,9832,622,0,1905,0,0,1124,0,1805,2443,0,1482,220,0,231
95,VAL-D'OISE,637,VAUREAL,5091,3815,3669,133,135,1010,0,0,0,418,1198,0,23,586,0,0,166
95,VAL-D'OISE,680,VILLIERS-LE-BEL,11610,7390,7057,666,211,1695,0,0,0,474,494,1695,0,1448,40,69,265
